#! /opt/homebrew/Cellar/icarus-verilog/12.0/bin/vvp
:ivl_version "12.0 (stable)";
:ivl_delay_selection "TYPICAL";
:vpi_time_precision - 12;
:vpi_module "/opt/homebrew/Cellar/icarus-verilog/12.0/lib/ivl/system.vpi";
:vpi_module "/opt/homebrew/Cellar/icarus-verilog/12.0/lib/ivl/vhdl_sys.vpi";
:vpi_module "/opt/homebrew/Cellar/icarus-verilog/12.0/lib/ivl/vhdl_textio.vpi";
:vpi_module "/opt/homebrew/Cellar/icarus-verilog/12.0/lib/ivl/v2005_math.vpi";
:vpi_module "/opt/homebrew/Cellar/icarus-verilog/12.0/lib/ivl/va_math.vpi";
:vpi_module "/opt/homebrew/Cellar/icarus-verilog/12.0/lib/ivl/v2009.vpi";
S_0x100c2b070 .scope package, "$unit" "$unit" 2 1;
 .timescale 0 0;
S_0x100c2b1f0 .scope module, "bind_alu__rn3_dout" "bind_alu__rn3_dout" 3 3;
 .timescale -9 -12;
    .port_info 0 /INPUT 1 "clk";
    .port_info 1 /INPUT 1 "rst_n";
    .port_info 2 /INPUT 8 "din";
    .port_info 3 /OUTPUT 8 "dout";
P_0xc68905c00 .param/l "WIDTH" 0 3 3, +C4<00000000000000000000000000001000>;
o0xc68c44040 .functor BUFZ 1, C4<z>; HiZ drive
v0xc688321c0_0 .net "clk", 0 0, o0xc68c44040;  0 drivers
o0xc68c44070 .functor BUFZ 8, C4<zzzzzzzz>; HiZ drive
v0xc68832260_0 .net "din", 7 0, o0xc68c44070;  0 drivers
v0xc68832300_0 .net "dout", 7 0, v0xc68831fe0_0;  1 drivers
o0xc68c440d0 .functor BUFZ 1, C4<z>; HiZ drive
v0xc688323a0_0 .net "rst_n", 0 0, o0xc68c440d0;  0 drivers
S_0x100c29d30 .scope module, "u_lut" "lut_block" 3 10, 4 2 0, S_0x100c2b1f0;
 .timescale -9 -12;
    .port_info 0 /INPUT 1 "clk";
    .port_info 1 /INPUT 1 "rst_n";
    .port_info 2 /INPUT 8 "din";
    .port_info 3 /OUTPUT 8 "dout";
P_0xc6909a080 .param/l "DEPTH" 0 4 4, +C4<00000000000000000000000100000000>;
P_0xc6909a0c0 .param/l "WIDTH" 0 4 3, +C4<00000000000000000000000000001000>;
v0xc68831ea0_0 .net "clk", 0 0, o0xc68c44040;  alias, 0 drivers
v0xc68831f40_0 .net "din", 7 0, o0xc68c44070;  alias, 0 drivers
v0xc68831fe0_0 .var "dout", 7 0;
v0xc68832080 .array "rom", 255 0, 7 0;
v0xc68832120_0 .net "rst_n", 0 0, o0xc68c440d0;  alias, 0 drivers
E_0xc691180c0/0 .event negedge, v0xc68832120_0;
E_0xc691180c0/1 .event posedge, v0xc68831ea0_0;
E_0xc691180c0 .event/or E_0xc691180c0/0, E_0xc691180c0/1;
S_0x100c29680 .scope begin, "INIT_ROM" "INIT_ROM" 4 15, 4 15 0, S_0x100c29d30;
 .timescale -9 -12;
v0xc68831e00_0 .var/2s "i", 31 0;
S_0x100c2ab40 .scope module, "bind_alu__rn4_dout" "bind_alu__rn4_dout" 5 3;
 .timescale -9 -12;
    .port_info 0 /INPUT 1 "clk";
    .port_info 1 /INPUT 1 "rst_n";
    .port_info 2 /INPUT 8 "din";
    .port_info 3 /OUTPUT 8 "dout";
P_0xc68905c80 .param/l "WIDTH" 0 5 3, +C4<00000000000000000000000000001000>;
o0xc68c442b0 .functor BUFZ 1, C4<z>; HiZ drive
v0xc68832800_0 .net "clk", 0 0, o0xc68c442b0;  0 drivers
o0xc68c442e0 .functor BUFZ 8, C4<zzzzzzzz>; HiZ drive
v0xc688328a0_0 .net "din", 7 0, o0xc68c442e0;  0 drivers
v0xc68832940_0 .net "dout", 7 0, v0xc68832620_0;  1 drivers
o0xc68c44340 .functor BUFZ 1, C4<z>; HiZ drive
v0xc688329e0_0 .net "rst_n", 0 0, o0xc68c44340;  0 drivers
S_0x100c29800 .scope module, "u_lut" "lut_block" 5 10, 4 2 0, S_0x100c2ab40;
 .timescale -9 -12;
    .port_info 0 /INPUT 1 "clk";
    .port_info 1 /INPUT 1 "rst_n";
    .port_info 2 /INPUT 8 "din";
    .port_info 3 /OUTPUT 8 "dout";
P_0xc6909a100 .param/l "DEPTH" 0 4 4, +C4<00000000000000000000000100000000>;
P_0xc6909a140 .param/l "WIDTH" 0 4 3, +C4<00000000000000000000000000001000>;
v0xc688324e0_0 .net "clk", 0 0, o0xc68c442b0;  alias, 0 drivers
v0xc68832580_0 .net "din", 7 0, o0xc68c442e0;  alias, 0 drivers
v0xc68832620_0 .var "dout", 7 0;
v0xc688326c0 .array "rom", 255 0, 7 0;
v0xc68832760_0 .net "rst_n", 0 0, o0xc68c44340;  alias, 0 drivers
E_0xc69118100/0 .event negedge, v0xc68832760_0;
E_0xc69118100/1 .event posedge, v0xc688324e0_0;
E_0xc69118100 .event/or E_0xc69118100/0, E_0xc69118100/1;
S_0x100c29150 .scope begin, "INIT_ROM" "INIT_ROM" 4 15, 4 15 0, S_0x100c29800;
 .timescale -9 -12;
v0xc68832440_0 .var/2s "i", 31 0;
S_0x100c2acc0 .scope module, "bind_alu_acb_ib" "bind_alu_acb_ib" 6 3;
 .timescale -9 -12;
    .port_info 0 /INPUT 1 "clk";
    .port_info 1 /INPUT 1 "rst_n";
    .port_info 2 /INPUT 8 "din";
    .port_info 3 /OUTPUT 8 "dout";
P_0xc68905d00 .param/l "WIDTH" 0 6 3, +C4<00000000000000000000000000001000>;
o0xc68c44520 .functor BUFZ 1, C4<z>; HiZ drive
v0xc68832e40_0 .net "clk", 0 0, o0xc68c44520;  0 drivers
o0xc68c44550 .functor BUFZ 8, C4<zzzzzzzz>; HiZ drive
v0xc68832ee0_0 .net "din", 7 0, o0xc68c44550;  0 drivers
v0xc68832f80_0 .net "dout", 7 0, v0xc68832c60_0;  1 drivers
o0xc68c445b0 .functor BUFZ 1, C4<z>; HiZ drive
v0xc68833020_0 .net "rst_n", 0 0, o0xc68c445b0;  0 drivers
S_0x100c292d0 .scope module, "u_lut" "lut_block" 6 10, 4 2 0, S_0x100c2acc0;
 .timescale -9 -12;
    .port_info 0 /INPUT 1 "clk";
    .port_info 1 /INPUT 1 "rst_n";
    .port_info 2 /INPUT 8 "din";
    .port_info 3 /OUTPUT 8 "dout";
P_0xc6909a180 .param/l "DEPTH" 0 4 4, +C4<00000000000000000000000100000000>;
P_0xc6909a1c0 .param/l "WIDTH" 0 4 3, +C4<00000000000000000000000000001000>;
v0xc68832b20_0 .net "clk", 0 0, o0xc68c44520;  alias, 0 drivers
v0xc68832bc0_0 .net "din", 7 0, o0xc68c44550;  alias, 0 drivers
v0xc68832c60_0 .var "dout", 7 0;
v0xc68832d00 .array "rom", 255 0, 7 0;
v0xc68832da0_0 .net "rst_n", 0 0, o0xc68c445b0;  alias, 0 drivers
E_0xc69118140/0 .event negedge, v0xc68832da0_0;
E_0xc69118140/1 .event posedge, v0xc68832b20_0;
E_0xc69118140 .event/or E_0xc69118140/0, E_0xc69118140/1;
S_0x100c28be0 .scope begin, "INIT_ROM" "INIT_ROM" 4 15, 4 15 0, S_0x100c292d0;
 .timescale -9 -12;
v0xc68832a80_0 .var/2s "i", 31 0;
S_0x100c2a610 .scope module, "bind_alu_acc" "bind_alu_acc" 7 3;
 .timescale -9 -12;
    .port_info 0 /INPUT 1 "clk";
    .port_info 1 /INPUT 1 "rst_n";
    .port_info 2 /INPUT 8 "din";
    .port_info 3 /OUTPUT 8 "dout";
P_0xc68905d80 .param/l "WIDTH" 0 7 3, +C4<00000000000000000000000000001000>;
o0xc68c44790 .functor BUFZ 1, C4<z>; HiZ drive
v0xc68833480_0 .net "clk", 0 0, o0xc68c44790;  0 drivers
o0xc68c447c0 .functor BUFZ 8, C4<zzzzzzzz>; HiZ drive
v0xc68833520_0 .net "din", 7 0, o0xc68c447c0;  0 drivers
v0xc688335c0_0 .net "dout", 7 0, v0xc688332a0_0;  1 drivers
o0xc68c44820 .functor BUFZ 1, C4<z>; HiZ drive
v0xc68833660_0 .net "rst_n", 0 0, o0xc68c44820;  0 drivers
S_0x100c28d60 .scope module, "u_lut" "lut_block" 7 10, 4 2 0, S_0x100c2a610;
 .timescale -9 -12;
    .port_info 0 /INPUT 1 "clk";
    .port_info 1 /INPUT 1 "rst_n";
    .port_info 2 /INPUT 8 "din";
    .port_info 3 /OUTPUT 8 "dout";
P_0xc6909a200 .param/l "DEPTH" 0 4 4, +C4<00000000000000000000000100000000>;
P_0xc6909a240 .param/l "WIDTH" 0 4 3, +C4<00000000000000000000000000001000>;
v0xc68833160_0 .net "clk", 0 0, o0xc68c44790;  alias, 0 drivers
v0xc68833200_0 .net "din", 7 0, o0xc68c447c0;  alias, 0 drivers
v0xc688332a0_0 .var "dout", 7 0;
v0xc68833340 .array "rom", 255 0, 7 0;
v0xc688333e0_0 .net "rst_n", 0 0, o0xc68c44820;  alias, 0 drivers
E_0xc69118180/0 .event negedge, v0xc688333e0_0;
E_0xc69118180/1 .event posedge, v0xc68833160_0;
E_0xc69118180 .event/or E_0xc69118180/0, E_0xc69118180/1;
S_0x100c200b0 .scope begin, "INIT_ROM" "INIT_ROM" 4 15, 4 15 0, S_0x100c28d60;
 .timescale -9 -12;
v0xc688330c0_0 .var/2s "i", 31 0;
S_0x100c2a790 .scope module, "bind_alu_acc_ada" "bind_alu_acc_ada" 8 3;
 .timescale -9 -12;
    .port_info 0 /INPUT 1 "clk";
    .port_info 1 /INPUT 1 "rst_n";
    .port_info 2 /INPUT 8 "din";
    .port_info 3 /OUTPUT 8 "dout";
P_0xc68905e00 .param/l "WIDTH" 0 8 3, +C4<00000000000000000000000000001000>;
o0xc68c44a00 .functor BUFZ 1, C4<z>; HiZ drive
v0xc68833ac0_0 .net "clk", 0 0, o0xc68c44a00;  0 drivers
o0xc68c44a30 .functor BUFZ 8, C4<zzzzzzzz>; HiZ drive
v0xc68833b60_0 .net "din", 7 0, o0xc68c44a30;  0 drivers
v0xc68833c00_0 .net "dout", 7 0, v0xc688338e0_0;  1 drivers
o0xc68c44a90 .functor BUFZ 1, C4<z>; HiZ drive
v0xc68833ca0_0 .net "rst_n", 0 0, o0xc68c44a90;  0 drivers
S_0x100c20230 .scope module, "u_lut" "lut_block" 8 10, 4 2 0, S_0x100c2a790;
 .timescale -9 -12;
    .port_info 0 /INPUT 1 "clk";
    .port_info 1 /INPUT 1 "rst_n";
    .port_info 2 /INPUT 8 "din";
    .port_info 3 /OUTPUT 8 "dout";
P_0xc6909a280 .param/l "DEPTH" 0 4 4, +C4<00000000000000000000000100000000>;
P_0xc6909a2c0 .param/l "WIDTH" 0 4 3, +C4<00000000000000000000000000001000>;
v0xc688337a0_0 .net "clk", 0 0, o0xc68c44a00;  alias, 0 drivers
v0xc68833840_0 .net "din", 7 0, o0xc68c44a30;  alias, 0 drivers
v0xc688338e0_0 .var "dout", 7 0;
v0xc68833980 .array "rom", 255 0, 7 0;
v0xc68833a20_0 .net "rst_n", 0 0, o0xc68c44a90;  alias, 0 drivers
E_0xc691181c0/0 .event negedge, v0xc68833a20_0;
E_0xc691181c0/1 .event posedge, v0xc688337a0_0;
E_0xc691181c0 .event/or E_0xc691181c0/0, E_0xc691181c0/1;
S_0x100c33f20 .scope begin, "INIT_ROM" "INIT_ROM" 4 15, 4 15 0, S_0x100c20230;
 .timescale -9 -12;
v0xc68833700_0 .var/2s "i", 31 0;
S_0x100c2a0e0 .scope module, "bind_alu_acc_adac" "bind_alu_acc_adac" 9 3;
 .timescale -9 -12;
    .port_info 0 /INPUT 1 "clk";
    .port_info 1 /INPUT 1 "rst_n";
    .port_info 2 /INPUT 8 "din";
    .port_info 3 /OUTPUT 8 "dout";
P_0xc68905e80 .param/l "WIDTH" 0 9 3, +C4<00000000000000000000000000001000>;
o0xc68c44c70 .functor BUFZ 1, C4<z>; HiZ drive
v0xc68940140_0 .net "clk", 0 0, o0xc68c44c70;  0 drivers
o0xc68c44ca0 .functor BUFZ 8, C4<zzzzzzzz>; HiZ drive
v0xc689401e0_0 .net "din", 7 0, o0xc68c44ca0;  0 drivers
v0xc68940280_0 .net "dout", 7 0, v0xc68833f20_0;  1 drivers
o0xc68c44d00 .functor BUFZ 1, C4<z>; HiZ drive
v0xc68940320_0 .net "rst_n", 0 0, o0xc68c44d00;  0 drivers
S_0xc6912c000 .scope module, "u_lut" "lut_block" 9 10, 4 2 0, S_0x100c2a0e0;
 .timescale -9 -12;
    .port_info 0 /INPUT 1 "clk";
    .port_info 1 /INPUT 1 "rst_n";
    .port_info 2 /INPUT 8 "din";
    .port_info 3 /OUTPUT 8 "dout";
P_0xc6909a300 .param/l "DEPTH" 0 4 4, +C4<00000000000000000000000100000000>;
P_0xc6909a340 .param/l "WIDTH" 0 4 3, +C4<00000000000000000000000000001000>;
v0xc68833de0_0 .net "clk", 0 0, o0xc68c44c70;  alias, 0 drivers
v0xc68833e80_0 .net "din", 7 0, o0xc68c44ca0;  alias, 0 drivers
v0xc68833f20_0 .var "dout", 7 0;
v0xc68940000 .array "rom", 255 0, 7 0;
v0xc689400a0_0 .net "rst_n", 0 0, o0xc68c44d00;  alias, 0 drivers
E_0xc69118200/0 .event negedge, v0xc689400a0_0;
E_0xc69118200/1 .event posedge, v0xc68833de0_0;
E_0xc69118200 .event/or E_0xc69118200/0, E_0xc69118200/1;
S_0xc6912c180 .scope begin, "INIT_ROM" "INIT_ROM" 4 15, 4 15 0, S_0xc6912c000;
 .timescale -9 -12;
v0xc68833d40_0 .var/2s "i", 31 0;
S_0x100c2a260 .scope module, "bind_alu_acc_in" "bind_alu_acc_in" 10 3;
 .timescale -9 -12;
    .port_info 0 /INPUT 1 "clk";
    .port_info 1 /INPUT 1 "rst_n";
    .port_info 2 /INPUT 8 "din";
    .port_info 3 /OUTPUT 8 "dout";
P_0xc68905f00 .param/l "WIDTH" 0 10 3, +C4<00000000000000000000000000001000>;
o0xc68c44ee0 .functor BUFZ 1, C4<z>; HiZ drive
v0xc68940780_0 .net "clk", 0 0, o0xc68c44ee0;  0 drivers
o0xc68c44f10 .functor BUFZ 8, C4<zzzzzzzz>; HiZ drive
v0xc68940820_0 .net "din", 7 0, o0xc68c44f10;  0 drivers
v0xc689408c0_0 .net "dout", 7 0, v0xc689405a0_0;  1 drivers
o0xc68c44f70 .functor BUFZ 1, C4<z>; HiZ drive
v0xc68940960_0 .net "rst_n", 0 0, o0xc68c44f70;  0 drivers
S_0xc6912c300 .scope module, "u_lut" "lut_block" 10 10, 4 2 0, S_0x100c2a260;
 .timescale -9 -12;
    .port_info 0 /INPUT 1 "clk";
    .port_info 1 /INPUT 1 "rst_n";
    .port_info 2 /INPUT 8 "din";
    .port_info 3 /OUTPUT 8 "dout";
P_0xc6909a380 .param/l "DEPTH" 0 4 4, +C4<00000000000000000000000100000000>;
P_0xc6909a3c0 .param/l "WIDTH" 0 4 3, +C4<00000000000000000000000000001000>;
v0xc68940460_0 .net "clk", 0 0, o0xc68c44ee0;  alias, 0 drivers
v0xc68940500_0 .net "din", 7 0, o0xc68c44f10;  alias, 0 drivers
v0xc689405a0_0 .var "dout", 7 0;
v0xc68940640 .array "rom", 255 0, 7 0;
v0xc689406e0_0 .net "rst_n", 0 0, o0xc68c44f70;  alias, 0 drivers
E_0xc69118240/0 .event negedge, v0xc689406e0_0;
E_0xc69118240/1 .event posedge, v0xc68940460_0;
E_0xc69118240 .event/or E_0xc69118240/0, E_0xc69118240/1;
S_0xc6912c480 .scope begin, "INIT_ROM" "INIT_ROM" 4 15, 4 15 0, S_0xc6912c300;
 .timescale -9 -12;
v0xc689403c0_0 .var/2s "i", 31 0;
S_0x100c29bb0 .scope module, "bind_alu_acc_out" "bind_alu_acc_out" 11 3;
 .timescale -9 -12;
    .port_info 0 /INPUT 1 "clk";
    .port_info 1 /INPUT 1 "rst_n";
    .port_info 2 /INPUT 8 "din";
    .port_info 3 /OUTPUT 8 "dout";
P_0xc68905f80 .param/l "WIDTH" 0 11 3, +C4<00000000000000000000000000001000>;
o0xc68c45150 .functor BUFZ 1, C4<z>; HiZ drive
v0xc68940dc0_0 .net "clk", 0 0, o0xc68c45150;  0 drivers
o0xc68c45180 .functor BUFZ 8, C4<zzzzzzzz>; HiZ drive
v0xc68940e60_0 .net "din", 7 0, o0xc68c45180;  0 drivers
v0xc68940f00_0 .net "dout", 7 0, v0xc68940be0_0;  1 drivers
o0xc68c451e0 .functor BUFZ 1, C4<z>; HiZ drive
v0xc68940fa0_0 .net "rst_n", 0 0, o0xc68c451e0;  0 drivers
S_0xc6912c600 .scope module, "u_lut" "lut_block" 11 10, 4 2 0, S_0x100c29bb0;
 .timescale -9 -12;
    .port_info 0 /INPUT 1 "clk";
    .port_info 1 /INPUT 1 "rst_n";
    .port_info 2 /INPUT 8 "din";
    .port_info 3 /OUTPUT 8 "dout";
P_0xc6909a400 .param/l "DEPTH" 0 4 4, +C4<00000000000000000000000100000000>;
P_0xc6909a440 .param/l "WIDTH" 0 4 3, +C4<00000000000000000000000000001000>;
v0xc68940aa0_0 .net "clk", 0 0, o0xc68c45150;  alias, 0 drivers
v0xc68940b40_0 .net "din", 7 0, o0xc68c45180;  alias, 0 drivers
v0xc68940be0_0 .var "dout", 7 0;
v0xc68940c80 .array "rom", 255 0, 7 0;
v0xc68940d20_0 .net "rst_n", 0 0, o0xc68c451e0;  alias, 0 drivers
E_0xc69118280/0 .event negedge, v0xc68940d20_0;
E_0xc69118280/1 .event posedge, v0xc68940aa0_0;
E_0xc69118280 .event/or E_0xc69118280/0, E_0xc69118280/1;
S_0xc6912c780 .scope begin, "INIT_ROM" "INIT_ROM" 4 15, 4 15 0, S_0xc6912c600;
 .timescale -9 -12;
v0xc68940a00_0 .var/2s "i", 31 0;
S_0xc68938000 .scope module, "bind_alu_adc_cy" "bind_alu_adc_cy" 12 3;
 .timescale -9 -12;
    .port_info 0 /INPUT 1 "clk";
    .port_info 1 /INPUT 1 "rst_n";
    .port_info 2 /INPUT 8 "din";
    .port_info 3 /OUTPUT 8 "dout";
P_0xc68906000 .param/l "WIDTH" 0 12 3, +C4<00000000000000000000000000001000>;
o0xc68c453c0 .functor BUFZ 1, C4<z>; HiZ drive
v0xc68941400_0 .net "clk", 0 0, o0xc68c453c0;  0 drivers
o0xc68c453f0 .functor BUFZ 8, C4<zzzzzzzz>; HiZ drive
v0xc689414a0_0 .net "din", 7 0, o0xc68c453f0;  0 drivers
v0xc68941540_0 .net "dout", 7 0, v0xc68941220_0;  1 drivers
o0xc68c45450 .functor BUFZ 1, C4<z>; HiZ drive
v0xc689415e0_0 .net "rst_n", 0 0, o0xc68c45450;  0 drivers
S_0xc6912c900 .scope module, "u_lut" "lut_block" 12 10, 4 2 0, S_0xc68938000;
 .timescale -9 -12;
    .port_info 0 /INPUT 1 "clk";
    .port_info 1 /INPUT 1 "rst_n";
    .port_info 2 /INPUT 8 "din";
    .port_info 3 /OUTPUT 8 "dout";
P_0xc6909a480 .param/l "DEPTH" 0 4 4, +C4<00000000000000000000000100000000>;
P_0xc6909a4c0 .param/l "WIDTH" 0 4 3, +C4<00000000000000000000000000001000>;
v0xc689410e0_0 .net "clk", 0 0, o0xc68c453c0;  alias, 0 drivers
v0xc68941180_0 .net "din", 7 0, o0xc68c453f0;  alias, 0 drivers
v0xc68941220_0 .var "dout", 7 0;
v0xc689412c0 .array "rom", 255 0, 7 0;
v0xc68941360_0 .net "rst_n", 0 0, o0xc68c45450;  alias, 0 drivers
E_0xc691182c0/0 .event negedge, v0xc68941360_0;
E_0xc691182c0/1 .event posedge, v0xc689410e0_0;
E_0xc691182c0 .event/or E_0xc691182c0/0, E_0xc691182c0/1;
S_0xc6912ca80 .scope begin, "INIT_ROM" "INIT_ROM" 4 15, 4 15 0, S_0xc6912c900;
 .timescale -9 -12;
v0xc68941040_0 .var/2s "i", 31 0;
S_0xc68938180 .scope module, "bind_alu_add_acc" "bind_alu_add_acc" 13 3;
 .timescale -9 -12;
    .port_info 0 /INPUT 1 "clk";
    .port_info 1 /INPUT 1 "rst_n";
    .port_info 2 /INPUT 8 "din";
    .port_info 3 /OUTPUT 8 "dout";
P_0xc68906080 .param/l "WIDTH" 0 13 3, +C4<00000000000000000000000000001000>;
o0xc68c45630 .functor BUFZ 1, C4<z>; HiZ drive
v0xc68941a40_0 .net "clk", 0 0, o0xc68c45630;  0 drivers
o0xc68c45660 .functor BUFZ 8, C4<zzzzzzzz>; HiZ drive
v0xc68941ae0_0 .net "din", 7 0, o0xc68c45660;  0 drivers
v0xc68941b80_0 .net "dout", 7 0, v0xc68941860_0;  1 drivers
o0xc68c456c0 .functor BUFZ 1, C4<z>; HiZ drive
v0xc68941c20_0 .net "rst_n", 0 0, o0xc68c456c0;  0 drivers
S_0xc6912cc00 .scope module, "u_lut" "lut_block" 13 10, 4 2 0, S_0xc68938180;
 .timescale -9 -12;
    .port_info 0 /INPUT 1 "clk";
    .port_info 1 /INPUT 1 "rst_n";
    .port_info 2 /INPUT 8 "din";
    .port_info 3 /OUTPUT 8 "dout";
P_0xc6909a500 .param/l "DEPTH" 0 4 4, +C4<00000000000000000000000100000000>;
P_0xc6909a540 .param/l "WIDTH" 0 4 3, +C4<00000000000000000000000000001000>;
v0xc68941720_0 .net "clk", 0 0, o0xc68c45630;  alias, 0 drivers
v0xc689417c0_0 .net "din", 7 0, o0xc68c45660;  alias, 0 drivers
v0xc68941860_0 .var "dout", 7 0;
v0xc68941900 .array "rom", 255 0, 7 0;
v0xc689419a0_0 .net "rst_n", 0 0, o0xc68c456c0;  alias, 0 drivers
E_0xc69118300/0 .event negedge, v0xc689419a0_0;
E_0xc69118300/1 .event posedge, v0xc68941720_0;
E_0xc69118300 .event/or E_0xc69118300/0, E_0xc69118300/1;
S_0xc6912cd80 .scope begin, "INIT_ROM" "INIT_ROM" 4 15, 4 15 0, S_0xc6912cc00;
 .timescale -9 -12;
v0xc68941680_0 .var/2s "i", 31 0;
S_0xc68938300 .scope module, "bind_alu_add_ib" "bind_alu_add_ib" 14 3;
 .timescale -9 -12;
    .port_info 0 /INPUT 1 "clk";
    .port_info 1 /INPUT 1 "rst_n";
    .port_info 2 /INPUT 8 "din";
    .port_info 3 /OUTPUT 8 "dout";
P_0xc68906100 .param/l "WIDTH" 0 14 3, +C4<00000000000000000000000000001000>;
o0xc68c458a0 .functor BUFZ 1, C4<z>; HiZ drive
v0xc68942080_0 .net "clk", 0 0, o0xc68c458a0;  0 drivers
o0xc68c458d0 .functor BUFZ 8, C4<zzzzzzzz>; HiZ drive
v0xc68942120_0 .net "din", 7 0, o0xc68c458d0;  0 drivers
v0xc689421c0_0 .net "dout", 7 0, v0xc68941ea0_0;  1 drivers
o0xc68c45930 .functor BUFZ 1, C4<z>; HiZ drive
v0xc68942260_0 .net "rst_n", 0 0, o0xc68c45930;  0 drivers
S_0xc6912cf00 .scope module, "u_lut" "lut_block" 14 10, 4 2 0, S_0xc68938300;
 .timescale -9 -12;
    .port_info 0 /INPUT 1 "clk";
    .port_info 1 /INPUT 1 "rst_n";
    .port_info 2 /INPUT 8 "din";
    .port_info 3 /OUTPUT 8 "dout";
P_0xc6909a580 .param/l "DEPTH" 0 4 4, +C4<00000000000000000000000100000000>;
P_0xc6909a5c0 .param/l "WIDTH" 0 4 3, +C4<00000000000000000000000000001000>;
v0xc68941d60_0 .net "clk", 0 0, o0xc68c458a0;  alias, 0 drivers
v0xc68941e00_0 .net "din", 7 0, o0xc68c458d0;  alias, 0 drivers
v0xc68941ea0_0 .var "dout", 7 0;
v0xc68941f40 .array "rom", 255 0, 7 0;
v0xc68941fe0_0 .net "rst_n", 0 0, o0xc68c45930;  alias, 0 drivers
E_0xc69118340/0 .event negedge, v0xc68941fe0_0;
E_0xc69118340/1 .event posedge, v0xc68941d60_0;
E_0xc69118340 .event/or E_0xc69118340/0, E_0xc69118340/1;
S_0xc6912d080 .scope begin, "INIT_ROM" "INIT_ROM" 4 15, 4 15 0, S_0xc6912cf00;
 .timescale -9 -12;
v0xc68941cc0_0 .var/2s "i", 31 0;
S_0xc68938480 .scope module, "bind_alu_adsl" "bind_alu_adsl" 15 3;
 .timescale -9 -12;
    .port_info 0 /INPUT 1 "clk";
    .port_info 1 /INPUT 1 "rst_n";
    .port_info 2 /INPUT 8 "din";
    .port_info 3 /OUTPUT 8 "dout";
P_0xc68906180 .param/l "WIDTH" 0 15 3, +C4<00000000000000000000000000001000>;
o0xc68c45b10 .functor BUFZ 1, C4<z>; HiZ drive
v0xc689426c0_0 .net "clk", 0 0, o0xc68c45b10;  0 drivers
o0xc68c45b40 .functor BUFZ 8, C4<zzzzzzzz>; HiZ drive
v0xc68942760_0 .net "din", 7 0, o0xc68c45b40;  0 drivers
v0xc68942800_0 .net "dout", 7 0, v0xc689424e0_0;  1 drivers
o0xc68c45ba0 .functor BUFZ 1, C4<z>; HiZ drive
v0xc689428a0_0 .net "rst_n", 0 0, o0xc68c45ba0;  0 drivers
S_0xc6912d200 .scope module, "u_lut" "lut_block" 15 10, 4 2 0, S_0xc68938480;
 .timescale -9 -12;
    .port_info 0 /INPUT 1 "clk";
    .port_info 1 /INPUT 1 "rst_n";
    .port_info 2 /INPUT 8 "din";
    .port_info 3 /OUTPUT 8 "dout";
P_0xc6909a600 .param/l "DEPTH" 0 4 4, +C4<00000000000000000000000100000000>;
P_0xc6909a640 .param/l "WIDTH" 0 4 3, +C4<00000000000000000000000000001000>;
v0xc689423a0_0 .net "clk", 0 0, o0xc68c45b10;  alias, 0 drivers
v0xc68942440_0 .net "din", 7 0, o0xc68c45b40;  alias, 0 drivers
v0xc689424e0_0 .var "dout", 7 0;
v0xc68942580 .array "rom", 255 0, 7 0;
v0xc68942620_0 .net "rst_n", 0 0, o0xc68c45ba0;  alias, 0 drivers
E_0xc69118380/0 .event negedge, v0xc68942620_0;
E_0xc69118380/1 .event posedge, v0xc689423a0_0;
E_0xc69118380 .event/or E_0xc69118380/0, E_0xc69118380/1;
S_0xc6912d380 .scope begin, "INIT_ROM" "INIT_ROM" 4 15, 4 15 0, S_0xc6912d200;
 .timescale -9 -12;
v0xc68942300_0 .var/2s "i", 31 0;
S_0xc68938600 .scope module, "bind_alu_adsr" "bind_alu_adsr" 16 3;
 .timescale -9 -12;
    .port_info 0 /INPUT 1 "clk";
    .port_info 1 /INPUT 1 "rst_n";
    .port_info 2 /INPUT 8 "din";
    .port_info 3 /OUTPUT 8 "dout";
P_0xc68906200 .param/l "WIDTH" 0 16 3, +C4<00000000000000000000000000001000>;
o0xc68c45d80 .functor BUFZ 1, C4<z>; HiZ drive
v0xc68942d00_0 .net "clk", 0 0, o0xc68c45d80;  0 drivers
o0xc68c45db0 .functor BUFZ 8, C4<zzzzzzzz>; HiZ drive
v0xc68942da0_0 .net "din", 7 0, o0xc68c45db0;  0 drivers
v0xc68942e40_0 .net "dout", 7 0, v0xc68942b20_0;  1 drivers
o0xc68c45e10 .functor BUFZ 1, C4<z>; HiZ drive
v0xc68942ee0_0 .net "rst_n", 0 0, o0xc68c45e10;  0 drivers
S_0xc6912d500 .scope module, "u_lut" "lut_block" 16 10, 4 2 0, S_0xc68938600;
 .timescale -9 -12;
    .port_info 0 /INPUT 1 "clk";
    .port_info 1 /INPUT 1 "rst_n";
    .port_info 2 /INPUT 8 "din";
    .port_info 3 /OUTPUT 8 "dout";
P_0xc6909a680 .param/l "DEPTH" 0 4 4, +C4<00000000000000000000000100000000>;
P_0xc6909a6c0 .param/l "WIDTH" 0 4 3, +C4<00000000000000000000000000001000>;
v0xc689429e0_0 .net "clk", 0 0, o0xc68c45d80;  alias, 0 drivers
v0xc68942a80_0 .net "din", 7 0, o0xc68c45db0;  alias, 0 drivers
v0xc68942b20_0 .var "dout", 7 0;
v0xc68942bc0 .array "rom", 255 0, 7 0;
v0xc68942c60_0 .net "rst_n", 0 0, o0xc68c45e10;  alias, 0 drivers
E_0xc691183c0/0 .event negedge, v0xc68942c60_0;
E_0xc691183c0/1 .event posedge, v0xc689429e0_0;
E_0xc691183c0 .event/or E_0xc691183c0/0, E_0xc691183c0/1;
S_0xc6912d680 .scope begin, "INIT_ROM" "INIT_ROM" 4 15, 4 15 0, S_0xc6912d500;
 .timescale -9 -12;
v0xc68942940_0 .var/2s "i", 31 0;
S_0xc68938780 .scope module, "bind_alu_cy" "bind_alu_cy" 17 3;
 .timescale -9 -12;
    .port_info 0 /INPUT 1 "clk";
    .port_info 1 /INPUT 1 "rst_n";
    .port_info 2 /INPUT 8 "din";
    .port_info 3 /OUTPUT 8 "dout";
P_0xc68906280 .param/l "WIDTH" 0 17 3, +C4<00000000000000000000000000001000>;
o0xc68c45ff0 .functor BUFZ 1, C4<z>; HiZ drive
v0xc68943340_0 .net "clk", 0 0, o0xc68c45ff0;  0 drivers
o0xc68c46020 .functor BUFZ 8, C4<zzzzzzzz>; HiZ drive
v0xc689433e0_0 .net "din", 7 0, o0xc68c46020;  0 drivers
v0xc68943480_0 .net "dout", 7 0, v0xc68943160_0;  1 drivers
o0xc68c46080 .functor BUFZ 1, C4<z>; HiZ drive
v0xc68943520_0 .net "rst_n", 0 0, o0xc68c46080;  0 drivers
S_0xc6912d800 .scope module, "u_lut" "lut_block" 17 10, 4 2 0, S_0xc68938780;
 .timescale -9 -12;
    .port_info 0 /INPUT 1 "clk";
    .port_info 1 /INPUT 1 "rst_n";
    .port_info 2 /INPUT 8 "din";
    .port_info 3 /OUTPUT 8 "dout";
P_0xc6909a700 .param/l "DEPTH" 0 4 4, +C4<00000000000000000000000100000000>;
P_0xc6909a740 .param/l "WIDTH" 0 4 3, +C4<00000000000000000000000000001000>;
v0xc68943020_0 .net "clk", 0 0, o0xc68c45ff0;  alias, 0 drivers
v0xc689430c0_0 .net "din", 7 0, o0xc68c46020;  alias, 0 drivers
v0xc68943160_0 .var "dout", 7 0;
v0xc68943200 .array "rom", 255 0, 7 0;
v0xc689432a0_0 .net "rst_n", 0 0, o0xc68c46080;  alias, 0 drivers
E_0xc69118400/0 .event negedge, v0xc689432a0_0;
E_0xc69118400/1 .event posedge, v0xc68943020_0;
E_0xc69118400 .event/or E_0xc69118400/0, E_0xc69118400/1;
S_0xc6912d980 .scope begin, "INIT_ROM" "INIT_ROM" 4 15, 4 15 0, S_0xc6912d800;
 .timescale -9 -12;
v0xc68942f80_0 .var/2s "i", 31 0;
S_0xc68938900 .scope module, "bind_alu_cy_ada" "bind_alu_cy_ada" 18 3;
 .timescale -9 -12;
    .port_info 0 /INPUT 1 "clk";
    .port_info 1 /INPUT 1 "rst_n";
    .port_info 2 /INPUT 8 "din";
    .port_info 3 /OUTPUT 8 "dout";
P_0xc68906300 .param/l "WIDTH" 0 18 3, +C4<00000000000000000000000000001000>;
o0xc68c46260 .functor BUFZ 1, C4<z>; HiZ drive
v0xc68943980_0 .net "clk", 0 0, o0xc68c46260;  0 drivers
o0xc68c46290 .functor BUFZ 8, C4<zzzzzzzz>; HiZ drive
v0xc68943a20_0 .net "din", 7 0, o0xc68c46290;  0 drivers
v0xc68943ac0_0 .net "dout", 7 0, v0xc689437a0_0;  1 drivers
o0xc68c462f0 .functor BUFZ 1, C4<z>; HiZ drive
v0xc68943b60_0 .net "rst_n", 0 0, o0xc68c462f0;  0 drivers
S_0xc6912db00 .scope module, "u_lut" "lut_block" 18 10, 4 2 0, S_0xc68938900;
 .timescale -9 -12;
    .port_info 0 /INPUT 1 "clk";
    .port_info 1 /INPUT 1 "rst_n";
    .port_info 2 /INPUT 8 "din";
    .port_info 3 /OUTPUT 8 "dout";
P_0xc6909a780 .param/l "DEPTH" 0 4 4, +C4<00000000000000000000000100000000>;
P_0xc6909a7c0 .param/l "WIDTH" 0 4 3, +C4<00000000000000000000000000001000>;
v0xc68943660_0 .net "clk", 0 0, o0xc68c46260;  alias, 0 drivers
v0xc68943700_0 .net "din", 7 0, o0xc68c46290;  alias, 0 drivers
v0xc689437a0_0 .var "dout", 7 0;
v0xc68943840 .array "rom", 255 0, 7 0;
v0xc689438e0_0 .net "rst_n", 0 0, o0xc68c462f0;  alias, 0 drivers
E_0xc69118440/0 .event negedge, v0xc689438e0_0;
E_0xc69118440/1 .event posedge, v0xc68943660_0;
E_0xc69118440 .event/or E_0xc69118440/0, E_0xc69118440/1;
S_0xc6912dc80 .scope begin, "INIT_ROM" "INIT_ROM" 4 15, 4 15 0, S_0xc6912db00;
 .timescale -9 -12;
v0xc689435c0_0 .var/2s "i", 31 0;
S_0xc68938a80 .scope module, "bind_alu_cy_adac" "bind_alu_cy_adac" 19 3;
 .timescale -9 -12;
    .port_info 0 /INPUT 1 "clk";
    .port_info 1 /INPUT 1 "rst_n";
    .port_info 2 /INPUT 8 "din";
    .port_info 3 /OUTPUT 8 "dout";
P_0xc68906380 .param/l "WIDTH" 0 19 3, +C4<00000000000000000000000000001000>;
o0xc68c464d0 .functor BUFZ 1, C4<z>; HiZ drive
v0xc68948000_0 .net "clk", 0 0, o0xc68c464d0;  0 drivers
o0xc68c46500 .functor BUFZ 8, C4<zzzzzzzz>; HiZ drive
v0xc689480a0_0 .net "din", 7 0, o0xc68c46500;  0 drivers
v0xc68948140_0 .net "dout", 7 0, v0xc68943de0_0;  1 drivers
o0xc68c46560 .functor BUFZ 1, C4<z>; HiZ drive
v0xc689481e0_0 .net "rst_n", 0 0, o0xc68c46560;  0 drivers
S_0xc6912de00 .scope module, "u_lut" "lut_block" 19 10, 4 2 0, S_0xc68938a80;
 .timescale -9 -12;
    .port_info 0 /INPUT 1 "clk";
    .port_info 1 /INPUT 1 "rst_n";
    .port_info 2 /INPUT 8 "din";
    .port_info 3 /OUTPUT 8 "dout";
P_0xc6909a800 .param/l "DEPTH" 0 4 4, +C4<00000000000000000000000100000000>;
P_0xc6909a840 .param/l "WIDTH" 0 4 3, +C4<00000000000000000000000000001000>;
v0xc68943ca0_0 .net "clk", 0 0, o0xc68c464d0;  alias, 0 drivers
v0xc68943d40_0 .net "din", 7 0, o0xc68c46500;  alias, 0 drivers
v0xc68943de0_0 .var "dout", 7 0;
v0xc68943e80 .array "rom", 255 0, 7 0;
v0xc68943f20_0 .net "rst_n", 0 0, o0xc68c46560;  alias, 0 drivers
E_0xc69118480/0 .event negedge, v0xc68943f20_0;
E_0xc69118480/1 .event posedge, v0xc68943ca0_0;
E_0xc69118480 .event/or E_0xc69118480/0, E_0xc69118480/1;
S_0xc6912df80 .scope begin, "INIT_ROM" "INIT_ROM" 4 15, 4 15 0, S_0xc6912de00;
 .timescale -9 -12;
v0xc68943c00_0 .var/2s "i", 31 0;
S_0xc68938c00 .scope module, "bind_alu_cy_ib" "bind_alu_cy_ib" 20 3;
 .timescale -9 -12;
    .port_info 0 /INPUT 1 "clk";
    .port_info 1 /INPUT 1 "rst_n";
    .port_info 2 /INPUT 8 "din";
    .port_info 3 /OUTPUT 8 "dout";
P_0xc68906400 .param/l "WIDTH" 0 20 3, +C4<00000000000000000000000000001000>;
o0xc68c46740 .functor BUFZ 1, C4<z>; HiZ drive
v0xc68948640_0 .net "clk", 0 0, o0xc68c46740;  0 drivers
o0xc68c46770 .functor BUFZ 8, C4<zzzzzzzz>; HiZ drive
v0xc689486e0_0 .net "din", 7 0, o0xc68c46770;  0 drivers
v0xc68948780_0 .net "dout", 7 0, v0xc68948460_0;  1 drivers
o0xc68c467d0 .functor BUFZ 1, C4<z>; HiZ drive
v0xc68948820_0 .net "rst_n", 0 0, o0xc68c467d0;  0 drivers
S_0xc6912e100 .scope module, "u_lut" "lut_block" 20 10, 4 2 0, S_0xc68938c00;
 .timescale -9 -12;
    .port_info 0 /INPUT 1 "clk";
    .port_info 1 /INPUT 1 "rst_n";
    .port_info 2 /INPUT 8 "din";
    .port_info 3 /OUTPUT 8 "dout";
P_0xc6909a880 .param/l "DEPTH" 0 4 4, +C4<00000000000000000000000100000000>;
P_0xc6909a8c0 .param/l "WIDTH" 0 4 3, +C4<00000000000000000000000000001000>;
v0xc68948320_0 .net "clk", 0 0, o0xc68c46740;  alias, 0 drivers
v0xc689483c0_0 .net "din", 7 0, o0xc68c46770;  alias, 0 drivers
v0xc68948460_0 .var "dout", 7 0;
v0xc68948500 .array "rom", 255 0, 7 0;
v0xc689485a0_0 .net "rst_n", 0 0, o0xc68c467d0;  alias, 0 drivers
E_0xc691184c0/0 .event negedge, v0xc689485a0_0;
E_0xc691184c0/1 .event posedge, v0xc68948320_0;
E_0xc691184c0 .event/or E_0xc691184c0/0, E_0xc691184c0/1;
S_0xc6912e280 .scope begin, "INIT_ROM" "INIT_ROM" 4 15, 4 15 0, S_0xc6912e100;
 .timescale -9 -12;
v0xc68948280_0 .var/2s "i", 31 0;
S_0xc68938d80 .scope module, "bind_alu_dout" "bind_alu_dout" 21 3;
 .timescale -9 -12;
    .port_info 0 /INPUT 1 "clk";
    .port_info 1 /INPUT 1 "rst_n";
    .port_info 2 /INPUT 8 "din";
    .port_info 3 /OUTPUT 8 "dout";
P_0xc68906480 .param/l "WIDTH" 0 21 3, +C4<00000000000000000000000000001000>;
o0xc68c469b0 .functor BUFZ 1, C4<z>; HiZ drive
v0xc68948c80_0 .net "clk", 0 0, o0xc68c469b0;  0 drivers
o0xc68c469e0 .functor BUFZ 8, C4<zzzzzzzz>; HiZ drive
v0xc68948d20_0 .net "din", 7 0, o0xc68c469e0;  0 drivers
v0xc68948dc0_0 .net "dout", 7 0, v0xc68948aa0_0;  1 drivers
o0xc68c46a40 .functor BUFZ 1, C4<z>; HiZ drive
v0xc68948e60_0 .net "rst_n", 0 0, o0xc68c46a40;  0 drivers
S_0xc6912e400 .scope module, "u_lut" "lut_block" 21 10, 4 2 0, S_0xc68938d80;
 .timescale -9 -12;
    .port_info 0 /INPUT 1 "clk";
    .port_info 1 /INPUT 1 "rst_n";
    .port_info 2 /INPUT 8 "din";
    .port_info 3 /OUTPUT 8 "dout";
P_0xc6909a900 .param/l "DEPTH" 0 4 4, +C4<00000000000000000000000100000000>;
P_0xc6909a940 .param/l "WIDTH" 0 4 3, +C4<00000000000000000000000000001000>;
v0xc68948960_0 .net "clk", 0 0, o0xc68c469b0;  alias, 0 drivers
v0xc68948a00_0 .net "din", 7 0, o0xc68c469e0;  alias, 0 drivers
v0xc68948aa0_0 .var "dout", 7 0;
v0xc68948b40 .array "rom", 255 0, 7 0;
v0xc68948be0_0 .net "rst_n", 0 0, o0xc68c46a40;  alias, 0 drivers
E_0xc69118500/0 .event negedge, v0xc68948be0_0;
E_0xc69118500/1 .event posedge, v0xc68948960_0;
E_0xc69118500 .event/or E_0xc69118500/0, E_0xc69118500/1;
S_0xc6912e580 .scope begin, "INIT_ROM" "INIT_ROM" 4 15, 4 15 0, S_0xc6912e400;
 .timescale -9 -12;
v0xc689488c0_0 .var/2s "i", 31 0;
S_0xc68938f00 .scope module, "bind_alu_n0345" "bind_alu_n0345" 22 3;
 .timescale -9 -12;
    .port_info 0 /INPUT 1 "clk";
    .port_info 1 /INPUT 1 "rst_n";
    .port_info 2 /INPUT 8 "din";
    .port_info 3 /OUTPUT 8 "dout";
P_0xc68906500 .param/l "WIDTH" 0 22 3, +C4<00000000000000000000000000001000>;
o0xc68c46c20 .functor BUFZ 1, C4<z>; HiZ drive
v0xc689492c0_0 .net "clk", 0 0, o0xc68c46c20;  0 drivers
o0xc68c46c50 .functor BUFZ 8, C4<zzzzzzzz>; HiZ drive
v0xc68949360_0 .net "din", 7 0, o0xc68c46c50;  0 drivers
v0xc68949400_0 .net "dout", 7 0, v0xc689490e0_0;  1 drivers
o0xc68c46cb0 .functor BUFZ 1, C4<z>; HiZ drive
v0xc689494a0_0 .net "rst_n", 0 0, o0xc68c46cb0;  0 drivers
S_0xc6912e700 .scope module, "u_lut" "lut_block" 22 10, 4 2 0, S_0xc68938f00;
 .timescale -9 -12;
    .port_info 0 /INPUT 1 "clk";
    .port_info 1 /INPUT 1 "rst_n";
    .port_info 2 /INPUT 8 "din";
    .port_info 3 /OUTPUT 8 "dout";
P_0xc6909a980 .param/l "DEPTH" 0 4 4, +C4<00000000000000000000000100000000>;
P_0xc6909a9c0 .param/l "WIDTH" 0 4 3, +C4<00000000000000000000000000001000>;
v0xc68948fa0_0 .net "clk", 0 0, o0xc68c46c20;  alias, 0 drivers
v0xc68949040_0 .net "din", 7 0, o0xc68c46c50;  alias, 0 drivers
v0xc689490e0_0 .var "dout", 7 0;
v0xc68949180 .array "rom", 255 0, 7 0;
v0xc68949220_0 .net "rst_n", 0 0, o0xc68c46cb0;  alias, 0 drivers
E_0xc69118540/0 .event negedge, v0xc68949220_0;
E_0xc69118540/1 .event posedge, v0xc68948fa0_0;
E_0xc69118540 .event/or E_0xc69118540/0, E_0xc69118540/1;
S_0xc6912e880 .scope begin, "INIT_ROM" "INIT_ROM" 4 15, 4 15 0, S_0xc6912e700;
 .timescale -9 -12;
v0xc68948f00_0 .var/2s "i", 31 0;
S_0xc68939080 .scope module, "bind_alu_n0351" "bind_alu_n0351" 23 3;
 .timescale -9 -12;
    .port_info 0 /INPUT 1 "clk";
    .port_info 1 /INPUT 1 "rst_n";
    .port_info 2 /INPUT 8 "din";
    .port_info 3 /OUTPUT 8 "dout";
P_0xc68906580 .param/l "WIDTH" 0 23 3, +C4<00000000000000000000000000001000>;
o0xc68c46e90 .functor BUFZ 1, C4<z>; HiZ drive
v0xc68949900_0 .net "clk", 0 0, o0xc68c46e90;  0 drivers
o0xc68c46ec0 .functor BUFZ 8, C4<zzzzzzzz>; HiZ drive
v0xc689499a0_0 .net "din", 7 0, o0xc68c46ec0;  0 drivers
v0xc68949a40_0 .net "dout", 7 0, v0xc68949720_0;  1 drivers
o0xc68c46f20 .functor BUFZ 1, C4<z>; HiZ drive
v0xc68949ae0_0 .net "rst_n", 0 0, o0xc68c46f20;  0 drivers
S_0xc6912ea00 .scope module, "u_lut" "lut_block" 23 10, 4 2 0, S_0xc68939080;
 .timescale -9 -12;
    .port_info 0 /INPUT 1 "clk";
    .port_info 1 /INPUT 1 "rst_n";
    .port_info 2 /INPUT 8 "din";
    .port_info 3 /OUTPUT 8 "dout";
P_0xc6909aa00 .param/l "DEPTH" 0 4 4, +C4<00000000000000000000000100000000>;
P_0xc6909aa40 .param/l "WIDTH" 0 4 3, +C4<00000000000000000000000000001000>;
v0xc689495e0_0 .net "clk", 0 0, o0xc68c46e90;  alias, 0 drivers
v0xc68949680_0 .net "din", 7 0, o0xc68c46ec0;  alias, 0 drivers
v0xc68949720_0 .var "dout", 7 0;
v0xc689497c0 .array "rom", 255 0, 7 0;
v0xc68949860_0 .net "rst_n", 0 0, o0xc68c46f20;  alias, 0 drivers
E_0xc69118580/0 .event negedge, v0xc68949860_0;
E_0xc69118580/1 .event posedge, v0xc689495e0_0;
E_0xc69118580 .event/or E_0xc69118580/0, E_0xc69118580/1;
S_0xc6912eb80 .scope begin, "INIT_ROM" "INIT_ROM" 4 15, 4 15 0, S_0xc6912ea00;
 .timescale -9 -12;
v0xc68949540_0 .var/2s "i", 31 0;
S_0xc68939200 .scope module, "bind_alu_n0354" "bind_alu_n0354" 24 3;
 .timescale -9 -12;
    .port_info 0 /INPUT 1 "clk";
    .port_info 1 /INPUT 1 "rst_n";
    .port_info 2 /INPUT 8 "din";
    .port_info 3 /OUTPUT 8 "dout";
P_0xc68906600 .param/l "WIDTH" 0 24 3, +C4<00000000000000000000000000001000>;
o0xc68c47100 .functor BUFZ 1, C4<z>; HiZ drive
v0xc68949f40_0 .net "clk", 0 0, o0xc68c47100;  0 drivers
o0xc68c47130 .functor BUFZ 8, C4<zzzzzzzz>; HiZ drive
v0xc68949fe0_0 .net "din", 7 0, o0xc68c47130;  0 drivers
v0xc6894a080_0 .net "dout", 7 0, v0xc68949d60_0;  1 drivers
o0xc68c47190 .functor BUFZ 1, C4<z>; HiZ drive
v0xc6894a120_0 .net "rst_n", 0 0, o0xc68c47190;  0 drivers
S_0xc6912ed00 .scope module, "u_lut" "lut_block" 24 10, 4 2 0, S_0xc68939200;
 .timescale -9 -12;
    .port_info 0 /INPUT 1 "clk";
    .port_info 1 /INPUT 1 "rst_n";
    .port_info 2 /INPUT 8 "din";
    .port_info 3 /OUTPUT 8 "dout";
P_0xc6909aa80 .param/l "DEPTH" 0 4 4, +C4<00000000000000000000000100000000>;
P_0xc6909aac0 .param/l "WIDTH" 0 4 3, +C4<00000000000000000000000000001000>;
v0xc68949c20_0 .net "clk", 0 0, o0xc68c47100;  alias, 0 drivers
v0xc68949cc0_0 .net "din", 7 0, o0xc68c47130;  alias, 0 drivers
v0xc68949d60_0 .var "dout", 7 0;
v0xc68949e00 .array "rom", 255 0, 7 0;
v0xc68949ea0_0 .net "rst_n", 0 0, o0xc68c47190;  alias, 0 drivers
E_0xc691185c0/0 .event negedge, v0xc68949ea0_0;
E_0xc691185c0/1 .event posedge, v0xc68949c20_0;
E_0xc691185c0 .event/or E_0xc691185c0/0, E_0xc691185c0/1;
S_0xc6912ee80 .scope begin, "INIT_ROM" "INIT_ROM" 4 15, 4 15 0, S_0xc6912ed00;
 .timescale -9 -12;
v0xc68949b80_0 .var/2s "i", 31 0;
S_0xc68939380 .scope module, "bind_alu_n0355" "bind_alu_n0355" 25 3;
 .timescale -9 -12;
    .port_info 0 /INPUT 1 "clk";
    .port_info 1 /INPUT 1 "rst_n";
    .port_info 2 /INPUT 8 "din";
    .port_info 3 /OUTPUT 8 "dout";
P_0xc68906680 .param/l "WIDTH" 0 25 3, +C4<00000000000000000000000000001000>;
o0xc68c47370 .functor BUFZ 1, C4<z>; HiZ drive
v0xc6894a580_0 .net "clk", 0 0, o0xc68c47370;  0 drivers
o0xc68c473a0 .functor BUFZ 8, C4<zzzzzzzz>; HiZ drive
v0xc6894a620_0 .net "din", 7 0, o0xc68c473a0;  0 drivers
v0xc6894a6c0_0 .net "dout", 7 0, v0xc6894a3a0_0;  1 drivers
o0xc68c47400 .functor BUFZ 1, C4<z>; HiZ drive
v0xc6894a760_0 .net "rst_n", 0 0, o0xc68c47400;  0 drivers
S_0xc6912f000 .scope module, "u_lut" "lut_block" 25 10, 4 2 0, S_0xc68939380;
 .timescale -9 -12;
    .port_info 0 /INPUT 1 "clk";
    .port_info 1 /INPUT 1 "rst_n";
    .port_info 2 /INPUT 8 "din";
    .port_info 3 /OUTPUT 8 "dout";
P_0xc6909ab00 .param/l "DEPTH" 0 4 4, +C4<00000000000000000000000100000000>;
P_0xc6909ab40 .param/l "WIDTH" 0 4 3, +C4<00000000000000000000000000001000>;
v0xc6894a260_0 .net "clk", 0 0, o0xc68c47370;  alias, 0 drivers
v0xc6894a300_0 .net "din", 7 0, o0xc68c473a0;  alias, 0 drivers
v0xc6894a3a0_0 .var "dout", 7 0;
v0xc6894a440 .array "rom", 255 0, 7 0;
v0xc6894a4e0_0 .net "rst_n", 0 0, o0xc68c47400;  alias, 0 drivers
E_0xc69118600/0 .event negedge, v0xc6894a4e0_0;
E_0xc69118600/1 .event posedge, v0xc6894a260_0;
E_0xc69118600 .event/or E_0xc69118600/0, E_0xc69118600/1;
S_0xc6912f180 .scope begin, "INIT_ROM" "INIT_ROM" 4 15, 4 15 0, S_0xc6912f000;
 .timescale -9 -12;
v0xc6894a1c0_0 .var/2s "i", 31 0;
S_0xc68939500 .scope module, "bind_alu_n0357" "bind_alu_n0357" 26 3;
 .timescale -9 -12;
    .port_info 0 /INPUT 1 "clk";
    .port_info 1 /INPUT 1 "rst_n";
    .port_info 2 /INPUT 8 "din";
    .port_info 3 /OUTPUT 8 "dout";
P_0xc68906700 .param/l "WIDTH" 0 26 3, +C4<00000000000000000000000000001000>;
o0xc68c475e0 .functor BUFZ 1, C4<z>; HiZ drive
v0xc6894abc0_0 .net "clk", 0 0, o0xc68c475e0;  0 drivers
o0xc68c47610 .functor BUFZ 8, C4<zzzzzzzz>; HiZ drive
v0xc6894ac60_0 .net "din", 7 0, o0xc68c47610;  0 drivers
v0xc6894ad00_0 .net "dout", 7 0, v0xc6894a9e0_0;  1 drivers
o0xc68c47670 .functor BUFZ 1, C4<z>; HiZ drive
v0xc6894ada0_0 .net "rst_n", 0 0, o0xc68c47670;  0 drivers
S_0xc6912f300 .scope module, "u_lut" "lut_block" 26 10, 4 2 0, S_0xc68939500;
 .timescale -9 -12;
    .port_info 0 /INPUT 1 "clk";
    .port_info 1 /INPUT 1 "rst_n";
    .port_info 2 /INPUT 8 "din";
    .port_info 3 /OUTPUT 8 "dout";
P_0xc6909ab80 .param/l "DEPTH" 0 4 4, +C4<00000000000000000000000100000000>;
P_0xc6909abc0 .param/l "WIDTH" 0 4 3, +C4<00000000000000000000000000001000>;
v0xc6894a8a0_0 .net "clk", 0 0, o0xc68c475e0;  alias, 0 drivers
v0xc6894a940_0 .net "din", 7 0, o0xc68c47610;  alias, 0 drivers
v0xc6894a9e0_0 .var "dout", 7 0;
v0xc6894aa80 .array "rom", 255 0, 7 0;
v0xc6894ab20_0 .net "rst_n", 0 0, o0xc68c47670;  alias, 0 drivers
E_0xc69118640/0 .event negedge, v0xc6894ab20_0;
E_0xc69118640/1 .event posedge, v0xc6894a8a0_0;
E_0xc69118640 .event/or E_0xc69118640/0, E_0xc69118640/1;
S_0xc6912f480 .scope begin, "INIT_ROM" "INIT_ROM" 4 15, 4 15 0, S_0xc6912f300;
 .timescale -9 -12;
v0xc6894a800_0 .var/2s "i", 31 0;
S_0xc68939680 .scope module, "bind_alu_n0358" "bind_alu_n0358" 27 3;
 .timescale -9 -12;
    .port_info 0 /INPUT 1 "clk";
    .port_info 1 /INPUT 1 "rst_n";
    .port_info 2 /INPUT 8 "din";
    .port_info 3 /OUTPUT 8 "dout";
P_0xc68906780 .param/l "WIDTH" 0 27 3, +C4<00000000000000000000000000001000>;
o0xc68c47850 .functor BUFZ 1, C4<z>; HiZ drive
v0xc6894b200_0 .net "clk", 0 0, o0xc68c47850;  0 drivers
o0xc68c47880 .functor BUFZ 8, C4<zzzzzzzz>; HiZ drive
v0xc6894b2a0_0 .net "din", 7 0, o0xc68c47880;  0 drivers
v0xc6894b340_0 .net "dout", 7 0, v0xc6894b020_0;  1 drivers
o0xc68c478e0 .functor BUFZ 1, C4<z>; HiZ drive
v0xc6894b3e0_0 .net "rst_n", 0 0, o0xc68c478e0;  0 drivers
S_0xc6912f600 .scope module, "u_lut" "lut_block" 27 10, 4 2 0, S_0xc68939680;
 .timescale -9 -12;
    .port_info 0 /INPUT 1 "clk";
    .port_info 1 /INPUT 1 "rst_n";
    .port_info 2 /INPUT 8 "din";
    .port_info 3 /OUTPUT 8 "dout";
P_0xc6909ac00 .param/l "DEPTH" 0 4 4, +C4<00000000000000000000000100000000>;
P_0xc6909ac40 .param/l "WIDTH" 0 4 3, +C4<00000000000000000000000000001000>;
v0xc6894aee0_0 .net "clk", 0 0, o0xc68c47850;  alias, 0 drivers
v0xc6894af80_0 .net "din", 7 0, o0xc68c47880;  alias, 0 drivers
v0xc6894b020_0 .var "dout", 7 0;
v0xc6894b0c0 .array "rom", 255 0, 7 0;
v0xc6894b160_0 .net "rst_n", 0 0, o0xc68c478e0;  alias, 0 drivers
E_0xc69118680/0 .event negedge, v0xc6894b160_0;
E_0xc69118680/1 .event posedge, v0xc6894aee0_0;
E_0xc69118680 .event/or E_0xc69118680/0, E_0xc69118680/1;
S_0xc6912f780 .scope begin, "INIT_ROM" "INIT_ROM" 4 15, 4 15 0, S_0xc6912f600;
 .timescale -9 -12;
v0xc6894ae40_0 .var/2s "i", 31 0;
S_0xc68939800 .scope module, "bind_alu_n0359" "bind_alu_n0359" 28 3;
 .timescale -9 -12;
    .port_info 0 /INPUT 1 "clk";
    .port_info 1 /INPUT 1 "rst_n";
    .port_info 2 /INPUT 8 "din";
    .port_info 3 /OUTPUT 8 "dout";
P_0xc68906800 .param/l "WIDTH" 0 28 3, +C4<00000000000000000000000000001000>;
o0xc68c47ac0 .functor BUFZ 1, C4<z>; HiZ drive
v0xc6894b840_0 .net "clk", 0 0, o0xc68c47ac0;  0 drivers
o0xc68c47af0 .functor BUFZ 8, C4<zzzzzzzz>; HiZ drive
v0xc6894b8e0_0 .net "din", 7 0, o0xc68c47af0;  0 drivers
v0xc6894b980_0 .net "dout", 7 0, v0xc6894b660_0;  1 drivers
o0xc68c47b50 .functor BUFZ 1, C4<z>; HiZ drive
v0xc6894ba20_0 .net "rst_n", 0 0, o0xc68c47b50;  0 drivers
S_0xc6912f900 .scope module, "u_lut" "lut_block" 28 10, 4 2 0, S_0xc68939800;
 .timescale -9 -12;
    .port_info 0 /INPUT 1 "clk";
    .port_info 1 /INPUT 1 "rst_n";
    .port_info 2 /INPUT 8 "din";
    .port_info 3 /OUTPUT 8 "dout";
P_0xc6909ac80 .param/l "DEPTH" 0 4 4, +C4<00000000000000000000000100000000>;
P_0xc6909acc0 .param/l "WIDTH" 0 4 3, +C4<00000000000000000000000000001000>;
v0xc6894b520_0 .net "clk", 0 0, o0xc68c47ac0;  alias, 0 drivers
v0xc6894b5c0_0 .net "din", 7 0, o0xc68c47af0;  alias, 0 drivers
v0xc6894b660_0 .var "dout", 7 0;
v0xc6894b700 .array "rom", 255 0, 7 0;
v0xc6894b7a0_0 .net "rst_n", 0 0, o0xc68c47b50;  alias, 0 drivers
E_0xc691186c0/0 .event negedge, v0xc6894b7a0_0;
E_0xc691186c0/1 .event posedge, v0xc6894b520_0;
E_0xc691186c0 .event/or E_0xc691186c0/0, E_0xc691186c0/1;
S_0xc6912fa80 .scope begin, "INIT_ROM" "INIT_ROM" 4 15, 4 15 0, S_0xc6912f900;
 .timescale -9 -12;
v0xc6894b480_0 .var/2s "i", 31 0;
S_0xc68939980 .scope module, "bind_alu_n0363" "bind_alu_n0363" 29 3;
 .timescale -9 -12;
    .port_info 0 /INPUT 1 "clk";
    .port_info 1 /INPUT 1 "rst_n";
    .port_info 2 /INPUT 8 "din";
    .port_info 3 /OUTPUT 8 "dout";
P_0xc68906880 .param/l "WIDTH" 0 29 3, +C4<00000000000000000000000000001000>;
o0xc68c47d30 .functor BUFZ 1, C4<z>; HiZ drive
v0xc6894be80_0 .net "clk", 0 0, o0xc68c47d30;  0 drivers
o0xc68c47d60 .functor BUFZ 8, C4<zzzzzzzz>; HiZ drive
v0xc6894bf20_0 .net "din", 7 0, o0xc68c47d60;  0 drivers
v0xc6894c000_0 .net "dout", 7 0, v0xc6894bca0_0;  1 drivers
o0xc68c47dc0 .functor BUFZ 1, C4<z>; HiZ drive
v0xc6894c0a0_0 .net "rst_n", 0 0, o0xc68c47dc0;  0 drivers
S_0xc6912fc00 .scope module, "u_lut" "lut_block" 29 10, 4 2 0, S_0xc68939980;
 .timescale -9 -12;
    .port_info 0 /INPUT 1 "clk";
    .port_info 1 /INPUT 1 "rst_n";
    .port_info 2 /INPUT 8 "din";
    .port_info 3 /OUTPUT 8 "dout";
P_0xc6909ad00 .param/l "DEPTH" 0 4 4, +C4<00000000000000000000000100000000>;
P_0xc6909ad40 .param/l "WIDTH" 0 4 3, +C4<00000000000000000000000000001000>;
v0xc6894bb60_0 .net "clk", 0 0, o0xc68c47d30;  alias, 0 drivers
v0xc6894bc00_0 .net "din", 7 0, o0xc68c47d60;  alias, 0 drivers
v0xc6894bca0_0 .var "dout", 7 0;
v0xc6894bd40 .array "rom", 255 0, 7 0;
v0xc6894bde0_0 .net "rst_n", 0 0, o0xc68c47dc0;  alias, 0 drivers
E_0xc69118700/0 .event negedge, v0xc6894bde0_0;
E_0xc69118700/1 .event posedge, v0xc6894bb60_0;
E_0xc69118700 .event/or E_0xc69118700/0, E_0xc69118700/1;
S_0xc6912fd80 .scope begin, "INIT_ROM" "INIT_ROM" 4 15, 4 15 0, S_0xc6912fc00;
 .timescale -9 -12;
v0xc6894bac0_0 .var/2s "i", 31 0;
S_0xc68939b00 .scope module, "bind_alu_n0364" "bind_alu_n0364" 30 3;
 .timescale -9 -12;
    .port_info 0 /INPUT 1 "clk";
    .port_info 1 /INPUT 1 "rst_n";
    .port_info 2 /INPUT 8 "din";
    .port_info 3 /OUTPUT 8 "dout";
P_0xc68906900 .param/l "WIDTH" 0 30 3, +C4<00000000000000000000000000001000>;
o0xc68c47fa0 .functor BUFZ 1, C4<z>; HiZ drive
v0xc6894c500_0 .net "clk", 0 0, o0xc68c47fa0;  0 drivers
o0xc68c47fd0 .functor BUFZ 8, C4<zzzzzzzz>; HiZ drive
v0xc6894c5a0_0 .net "din", 7 0, o0xc68c47fd0;  0 drivers
v0xc6894c640_0 .net "dout", 7 0, v0xc6894c320_0;  1 drivers
o0xc68c48030 .functor BUFZ 1, C4<z>; HiZ drive
v0xc6894c6e0_0 .net "rst_n", 0 0, o0xc68c48030;  0 drivers
S_0xc69138000 .scope module, "u_lut" "lut_block" 30 10, 4 2 0, S_0xc68939b00;
 .timescale -9 -12;
    .port_info 0 /INPUT 1 "clk";
    .port_info 1 /INPUT 1 "rst_n";
    .port_info 2 /INPUT 8 "din";
    .port_info 3 /OUTPUT 8 "dout";
P_0xc6909ad80 .param/l "DEPTH" 0 4 4, +C4<00000000000000000000000100000000>;
P_0xc6909adc0 .param/l "WIDTH" 0 4 3, +C4<00000000000000000000000000001000>;
v0xc6894c1e0_0 .net "clk", 0 0, o0xc68c47fa0;  alias, 0 drivers
v0xc6894c280_0 .net "din", 7 0, o0xc68c47fd0;  alias, 0 drivers
v0xc6894c320_0 .var "dout", 7 0;
v0xc6894c3c0 .array "rom", 255 0, 7 0;
v0xc6894c460_0 .net "rst_n", 0 0, o0xc68c48030;  alias, 0 drivers
E_0xc69118740/0 .event negedge, v0xc6894c460_0;
E_0xc69118740/1 .event posedge, v0xc6894c1e0_0;
E_0xc69118740 .event/or E_0xc69118740/0, E_0xc69118740/1;
S_0xc69138180 .scope begin, "INIT_ROM" "INIT_ROM" 4 15, 4 15 0, S_0xc69138000;
 .timescale -9 -12;
v0xc6894c140_0 .var/2s "i", 31 0;
S_0xc68939c80 .scope module, "bind_alu_n0366" "bind_alu_n0366" 31 3;
 .timescale -9 -12;
    .port_info 0 /INPUT 1 "clk";
    .port_info 1 /INPUT 1 "rst_n";
    .port_info 2 /INPUT 8 "din";
    .port_info 3 /OUTPUT 8 "dout";
P_0xc68906980 .param/l "WIDTH" 0 31 3, +C4<00000000000000000000000000001000>;
o0xc68c48210 .functor BUFZ 1, C4<z>; HiZ drive
v0xc6894cb40_0 .net "clk", 0 0, o0xc68c48210;  0 drivers
o0xc68c48240 .functor BUFZ 8, C4<zzzzzzzz>; HiZ drive
v0xc6894cbe0_0 .net "din", 7 0, o0xc68c48240;  0 drivers
v0xc6894cc80_0 .net "dout", 7 0, v0xc6894c960_0;  1 drivers
o0xc68c482a0 .functor BUFZ 1, C4<z>; HiZ drive
v0xc6894cd20_0 .net "rst_n", 0 0, o0xc68c482a0;  0 drivers
S_0xc69138300 .scope module, "u_lut" "lut_block" 31 10, 4 2 0, S_0xc68939c80;
 .timescale -9 -12;
    .port_info 0 /INPUT 1 "clk";
    .port_info 1 /INPUT 1 "rst_n";
    .port_info 2 /INPUT 8 "din";
    .port_info 3 /OUTPUT 8 "dout";
P_0xc6909ae00 .param/l "DEPTH" 0 4 4, +C4<00000000000000000000000100000000>;
P_0xc6909ae40 .param/l "WIDTH" 0 4 3, +C4<00000000000000000000000000001000>;
v0xc6894c820_0 .net "clk", 0 0, o0xc68c48210;  alias, 0 drivers
v0xc6894c8c0_0 .net "din", 7 0, o0xc68c48240;  alias, 0 drivers
v0xc6894c960_0 .var "dout", 7 0;
v0xc6894ca00 .array "rom", 255 0, 7 0;
v0xc6894caa0_0 .net "rst_n", 0 0, o0xc68c482a0;  alias, 0 drivers
E_0xc69118780/0 .event negedge, v0xc6894caa0_0;
E_0xc69118780/1 .event posedge, v0xc6894c820_0;
E_0xc69118780 .event/or E_0xc69118780/0, E_0xc69118780/1;
S_0xc69138480 .scope begin, "INIT_ROM" "INIT_ROM" 4 15, 4 15 0, S_0xc69138300;
 .timescale -9 -12;
v0xc6894c780_0 .var/2s "i", 31 0;
S_0xc68939e00 .scope module, "bind_alu_n0370" "bind_alu_n0370" 32 3;
 .timescale -9 -12;
    .port_info 0 /INPUT 1 "clk";
    .port_info 1 /INPUT 1 "rst_n";
    .port_info 2 /INPUT 8 "din";
    .port_info 3 /OUTPUT 8 "dout";
P_0xc68906a00 .param/l "WIDTH" 0 32 3, +C4<00000000000000000000000000001000>;
o0xc68c48480 .functor BUFZ 1, C4<z>; HiZ drive
v0xc6894d180_0 .net "clk", 0 0, o0xc68c48480;  0 drivers
o0xc68c484b0 .functor BUFZ 8, C4<zzzzzzzz>; HiZ drive
v0xc6894d220_0 .net "din", 7 0, o0xc68c484b0;  0 drivers
v0xc6894d2c0_0 .net "dout", 7 0, v0xc6894cfa0_0;  1 drivers
o0xc68c48510 .functor BUFZ 1, C4<z>; HiZ drive
v0xc6894d360_0 .net "rst_n", 0 0, o0xc68c48510;  0 drivers
S_0xc69138600 .scope module, "u_lut" "lut_block" 32 10, 4 2 0, S_0xc68939e00;
 .timescale -9 -12;
    .port_info 0 /INPUT 1 "clk";
    .port_info 1 /INPUT 1 "rst_n";
    .port_info 2 /INPUT 8 "din";
    .port_info 3 /OUTPUT 8 "dout";
P_0xc6909ae80 .param/l "DEPTH" 0 4 4, +C4<00000000000000000000000100000000>;
P_0xc6909aec0 .param/l "WIDTH" 0 4 3, +C4<00000000000000000000000000001000>;
v0xc6894ce60_0 .net "clk", 0 0, o0xc68c48480;  alias, 0 drivers
v0xc6894cf00_0 .net "din", 7 0, o0xc68c484b0;  alias, 0 drivers
v0xc6894cfa0_0 .var "dout", 7 0;
v0xc6894d040 .array "rom", 255 0, 7 0;
v0xc6894d0e0_0 .net "rst_n", 0 0, o0xc68c48510;  alias, 0 drivers
E_0xc691187c0/0 .event negedge, v0xc6894d0e0_0;
E_0xc691187c0/1 .event posedge, v0xc6894ce60_0;
E_0xc691187c0 .event/or E_0xc691187c0/0, E_0xc691187c0/1;
S_0xc69138780 .scope begin, "INIT_ROM" "INIT_ROM" 4 15, 4 15 0, S_0xc69138600;
 .timescale -9 -12;
v0xc6894cdc0_0 .var/2s "i", 31 0;
S_0xc68939f80 .scope module, "bind_alu_n0371" "bind_alu_n0371" 33 3;
 .timescale -9 -12;
    .port_info 0 /INPUT 1 "clk";
    .port_info 1 /INPUT 1 "rst_n";
    .port_info 2 /INPUT 8 "din";
    .port_info 3 /OUTPUT 8 "dout";
P_0xc68906a80 .param/l "WIDTH" 0 33 3, +C4<00000000000000000000000000001000>;
o0xc68c486f0 .functor BUFZ 1, C4<z>; HiZ drive
v0xc6894d7c0_0 .net "clk", 0 0, o0xc68c486f0;  0 drivers
o0xc68c48720 .functor BUFZ 8, C4<zzzzzzzz>; HiZ drive
v0xc6894d860_0 .net "din", 7 0, o0xc68c48720;  0 drivers
v0xc6894d900_0 .net "dout", 7 0, v0xc6894d5e0_0;  1 drivers
o0xc68c48780 .functor BUFZ 1, C4<z>; HiZ drive
v0xc6894d9a0_0 .net "rst_n", 0 0, o0xc68c48780;  0 drivers
S_0xc69138900 .scope module, "u_lut" "lut_block" 33 10, 4 2 0, S_0xc68939f80;
 .timescale -9 -12;
    .port_info 0 /INPUT 1 "clk";
    .port_info 1 /INPUT 1 "rst_n";
    .port_info 2 /INPUT 8 "din";
    .port_info 3 /OUTPUT 8 "dout";
P_0xc6909af00 .param/l "DEPTH" 0 4 4, +C4<00000000000000000000000100000000>;
P_0xc6909af40 .param/l "WIDTH" 0 4 3, +C4<00000000000000000000000000001000>;
v0xc6894d4a0_0 .net "clk", 0 0, o0xc68c486f0;  alias, 0 drivers
v0xc6894d540_0 .net "din", 7 0, o0xc68c48720;  alias, 0 drivers
v0xc6894d5e0_0 .var "dout", 7 0;
v0xc6894d680 .array "rom", 255 0, 7 0;
v0xc6894d720_0 .net "rst_n", 0 0, o0xc68c48780;  alias, 0 drivers
E_0xc69118800/0 .event negedge, v0xc6894d720_0;
E_0xc69118800/1 .event posedge, v0xc6894d4a0_0;
E_0xc69118800 .event/or E_0xc69118800/0, E_0xc69118800/1;
S_0xc69138a80 .scope begin, "INIT_ROM" "INIT_ROM" 4 15, 4 15 0, S_0xc69138900;
 .timescale -9 -12;
v0xc6894d400_0 .var/2s "i", 31 0;
S_0xc6893a100 .scope module, "bind_alu_n0377" "bind_alu_n0377" 34 3;
 .timescale -9 -12;
    .port_info 0 /INPUT 1 "clk";
    .port_info 1 /INPUT 1 "rst_n";
    .port_info 2 /INPUT 8 "din";
    .port_info 3 /OUTPUT 8 "dout";
P_0xc68906b00 .param/l "WIDTH" 0 34 3, +C4<00000000000000000000000000001000>;
o0xc68c48960 .functor BUFZ 1, C4<z>; HiZ drive
v0xc6894de00_0 .net "clk", 0 0, o0xc68c48960;  0 drivers
o0xc68c48990 .functor BUFZ 8, C4<zzzzzzzz>; HiZ drive
v0xc6894dea0_0 .net "din", 7 0, o0xc68c48990;  0 drivers
v0xc6894df40_0 .net "dout", 7 0, v0xc6894dc20_0;  1 drivers
o0xc68c489f0 .functor BUFZ 1, C4<z>; HiZ drive
v0xc6894dfe0_0 .net "rst_n", 0 0, o0xc68c489f0;  0 drivers
S_0xc69138c00 .scope module, "u_lut" "lut_block" 34 10, 4 2 0, S_0xc6893a100;
 .timescale -9 -12;
    .port_info 0 /INPUT 1 "clk";
    .port_info 1 /INPUT 1 "rst_n";
    .port_info 2 /INPUT 8 "din";
    .port_info 3 /OUTPUT 8 "dout";
P_0xc6909af80 .param/l "DEPTH" 0 4 4, +C4<00000000000000000000000100000000>;
P_0xc6909afc0 .param/l "WIDTH" 0 4 3, +C4<00000000000000000000000000001000>;
v0xc6894dae0_0 .net "clk", 0 0, o0xc68c48960;  alias, 0 drivers
v0xc6894db80_0 .net "din", 7 0, o0xc68c48990;  alias, 0 drivers
v0xc6894dc20_0 .var "dout", 7 0;
v0xc6894dcc0 .array "rom", 255 0, 7 0;
v0xc6894dd60_0 .net "rst_n", 0 0, o0xc68c489f0;  alias, 0 drivers
E_0xc69118840/0 .event negedge, v0xc6894dd60_0;
E_0xc69118840/1 .event posedge, v0xc6894dae0_0;
E_0xc69118840 .event/or E_0xc69118840/0, E_0xc69118840/1;
S_0xc69138d80 .scope begin, "INIT_ROM" "INIT_ROM" 4 15, 4 15 0, S_0xc69138c00;
 .timescale -9 -12;
v0xc6894da40_0 .var/2s "i", 31 0;
S_0xc6893a280 .scope module, "bind_alu_n0378" "bind_alu_n0378" 35 3;
 .timescale -9 -12;
    .port_info 0 /INPUT 1 "clk";
    .port_info 1 /INPUT 1 "rst_n";
    .port_info 2 /INPUT 8 "din";
    .port_info 3 /OUTPUT 8 "dout";
P_0xc68906b80 .param/l "WIDTH" 0 35 3, +C4<00000000000000000000000000001000>;
o0xc68c48bd0 .functor BUFZ 1, C4<z>; HiZ drive
v0xc6894e440_0 .net "clk", 0 0, o0xc68c48bd0;  0 drivers
o0xc68c48c00 .functor BUFZ 8, C4<zzzzzzzz>; HiZ drive
v0xc6894e4e0_0 .net "din", 7 0, o0xc68c48c00;  0 drivers
v0xc6894e580_0 .net "dout", 7 0, v0xc6894e260_0;  1 drivers
o0xc68c48c60 .functor BUFZ 1, C4<z>; HiZ drive
v0xc6894e620_0 .net "rst_n", 0 0, o0xc68c48c60;  0 drivers
S_0xc69138f00 .scope module, "u_lut" "lut_block" 35 10, 4 2 0, S_0xc6893a280;
 .timescale -9 -12;
    .port_info 0 /INPUT 1 "clk";
    .port_info 1 /INPUT 1 "rst_n";
    .port_info 2 /INPUT 8 "din";
    .port_info 3 /OUTPUT 8 "dout";
P_0xc6909b000 .param/l "DEPTH" 0 4 4, +C4<00000000000000000000000100000000>;
P_0xc6909b040 .param/l "WIDTH" 0 4 3, +C4<00000000000000000000000000001000>;
v0xc6894e120_0 .net "clk", 0 0, o0xc68c48bd0;  alias, 0 drivers
v0xc6894e1c0_0 .net "din", 7 0, o0xc68c48c00;  alias, 0 drivers
v0xc6894e260_0 .var "dout", 7 0;
v0xc6894e300 .array "rom", 255 0, 7 0;
v0xc6894e3a0_0 .net "rst_n", 0 0, o0xc68c48c60;  alias, 0 drivers
E_0xc69118880/0 .event negedge, v0xc6894e3a0_0;
E_0xc69118880/1 .event posedge, v0xc6894e120_0;
E_0xc69118880 .event/or E_0xc69118880/0, E_0xc69118880/1;
S_0xc69139080 .scope begin, "INIT_ROM" "INIT_ROM" 4 15, 4 15 0, S_0xc69138f00;
 .timescale -9 -12;
v0xc6894e080_0 .var/2s "i", 31 0;
S_0xc6893a400 .scope module, "bind_alu_n0403" "bind_alu_n0403" 36 3;
 .timescale -9 -12;
    .port_info 0 /INPUT 1 "clk";
    .port_info 1 /INPUT 1 "rst_n";
    .port_info 2 /INPUT 8 "din";
    .port_info 3 /OUTPUT 8 "dout";
P_0xc68906c00 .param/l "WIDTH" 0 36 3, +C4<00000000000000000000000000001000>;
o0xc68c48e40 .functor BUFZ 1, C4<z>; HiZ drive
v0xc6894ea80_0 .net "clk", 0 0, o0xc68c48e40;  0 drivers
o0xc68c48e70 .functor BUFZ 8, C4<zzzzzzzz>; HiZ drive
v0xc6894eb20_0 .net "din", 7 0, o0xc68c48e70;  0 drivers
v0xc6894ebc0_0 .net "dout", 7 0, v0xc6894e8a0_0;  1 drivers
o0xc68c48ed0 .functor BUFZ 1, C4<z>; HiZ drive
v0xc6894ec60_0 .net "rst_n", 0 0, o0xc68c48ed0;  0 drivers
S_0xc69139200 .scope module, "u_lut" "lut_block" 36 10, 4 2 0, S_0xc6893a400;
 .timescale -9 -12;
    .port_info 0 /INPUT 1 "clk";
    .port_info 1 /INPUT 1 "rst_n";
    .port_info 2 /INPUT 8 "din";
    .port_info 3 /OUTPUT 8 "dout";
P_0xc6909b080 .param/l "DEPTH" 0 4 4, +C4<00000000000000000000000100000000>;
P_0xc6909b0c0 .param/l "WIDTH" 0 4 3, +C4<00000000000000000000000000001000>;
v0xc6894e760_0 .net "clk", 0 0, o0xc68c48e40;  alias, 0 drivers
v0xc6894e800_0 .net "din", 7 0, o0xc68c48e70;  alias, 0 drivers
v0xc6894e8a0_0 .var "dout", 7 0;
v0xc6894e940 .array "rom", 255 0, 7 0;
v0xc6894e9e0_0 .net "rst_n", 0 0, o0xc68c48ed0;  alias, 0 drivers
E_0xc691188c0/0 .event negedge, v0xc6894e9e0_0;
E_0xc691188c0/1 .event posedge, v0xc6894e760_0;
E_0xc691188c0 .event/or E_0xc691188c0/0, E_0xc691188c0/1;
S_0xc69139380 .scope begin, "INIT_ROM" "INIT_ROM" 4 15, 4 15 0, S_0xc69139200;
 .timescale -9 -12;
v0xc6894e6c0_0 .var/2s "i", 31 0;
S_0xc6893a580 .scope module, "bind_alu_n0415" "bind_alu_n0415" 37 3;
 .timescale -9 -12;
    .port_info 0 /INPUT 1 "clk";
    .port_info 1 /INPUT 1 "rst_n";
    .port_info 2 /INPUT 8 "din";
    .port_info 3 /OUTPUT 8 "dout";
P_0xc68906c80 .param/l "WIDTH" 0 37 3, +C4<00000000000000000000000000001000>;
o0xc68c490b0 .functor BUFZ 1, C4<z>; HiZ drive
v0xc6894f0c0_0 .net "clk", 0 0, o0xc68c490b0;  0 drivers
o0xc68c490e0 .functor BUFZ 8, C4<zzzzzzzz>; HiZ drive
v0xc6894f160_0 .net "din", 7 0, o0xc68c490e0;  0 drivers
v0xc6894f200_0 .net "dout", 7 0, v0xc6894eee0_0;  1 drivers
o0xc68c49140 .functor BUFZ 1, C4<z>; HiZ drive
v0xc6894f2a0_0 .net "rst_n", 0 0, o0xc68c49140;  0 drivers
S_0xc69139500 .scope module, "u_lut" "lut_block" 37 10, 4 2 0, S_0xc6893a580;
 .timescale -9 -12;
    .port_info 0 /INPUT 1 "clk";
    .port_info 1 /INPUT 1 "rst_n";
    .port_info 2 /INPUT 8 "din";
    .port_info 3 /OUTPUT 8 "dout";
P_0xc6909b100 .param/l "DEPTH" 0 4 4, +C4<00000000000000000000000100000000>;
P_0xc6909b140 .param/l "WIDTH" 0 4 3, +C4<00000000000000000000000000001000>;
v0xc6894eda0_0 .net "clk", 0 0, o0xc68c490b0;  alias, 0 drivers
v0xc6894ee40_0 .net "din", 7 0, o0xc68c490e0;  alias, 0 drivers
v0xc6894eee0_0 .var "dout", 7 0;
v0xc6894ef80 .array "rom", 255 0, 7 0;
v0xc6894f020_0 .net "rst_n", 0 0, o0xc68c49140;  alias, 0 drivers
E_0xc69118900/0 .event negedge, v0xc6894f020_0;
E_0xc69118900/1 .event posedge, v0xc6894eda0_0;
E_0xc69118900 .event/or E_0xc69118900/0, E_0xc69118900/1;
S_0xc69139680 .scope begin, "INIT_ROM" "INIT_ROM" 4 15, 4 15 0, S_0xc69139500;
 .timescale -9 -12;
v0xc6894ed00_0 .var/2s "i", 31 0;
S_0xc6893a700 .scope module, "bind_alu_n0477" "bind_alu_n0477" 38 3;
 .timescale -9 -12;
    .port_info 0 /INPUT 1 "clk";
    .port_info 1 /INPUT 1 "rst_n";
    .port_info 2 /INPUT 8 "din";
    .port_info 3 /OUTPUT 8 "dout";
P_0xc68906d00 .param/l "WIDTH" 0 38 3, +C4<00000000000000000000000000001000>;
o0xc68c49320 .functor BUFZ 1, C4<z>; HiZ drive
v0xc6894f700_0 .net "clk", 0 0, o0xc68c49320;  0 drivers
o0xc68c49350 .functor BUFZ 8, C4<zzzzzzzz>; HiZ drive
v0xc6894f7a0_0 .net "din", 7 0, o0xc68c49350;  0 drivers
v0xc6894f840_0 .net "dout", 7 0, v0xc6894f520_0;  1 drivers
o0xc68c493b0 .functor BUFZ 1, C4<z>; HiZ drive
v0xc6894f8e0_0 .net "rst_n", 0 0, o0xc68c493b0;  0 drivers
S_0xc69139800 .scope module, "u_lut" "lut_block" 38 10, 4 2 0, S_0xc6893a700;
 .timescale -9 -12;
    .port_info 0 /INPUT 1 "clk";
    .port_info 1 /INPUT 1 "rst_n";
    .port_info 2 /INPUT 8 "din";
    .port_info 3 /OUTPUT 8 "dout";
P_0xc6909b180 .param/l "DEPTH" 0 4 4, +C4<00000000000000000000000100000000>;
P_0xc6909b1c0 .param/l "WIDTH" 0 4 3, +C4<00000000000000000000000000001000>;
v0xc6894f3e0_0 .net "clk", 0 0, o0xc68c49320;  alias, 0 drivers
v0xc6894f480_0 .net "din", 7 0, o0xc68c49350;  alias, 0 drivers
v0xc6894f520_0 .var "dout", 7 0;
v0xc6894f5c0 .array "rom", 255 0, 7 0;
v0xc6894f660_0 .net "rst_n", 0 0, o0xc68c493b0;  alias, 0 drivers
E_0xc69118940/0 .event negedge, v0xc6894f660_0;
E_0xc69118940/1 .event posedge, v0xc6894f3e0_0;
E_0xc69118940 .event/or E_0xc69118940/0, E_0xc69118940/1;
S_0xc69139980 .scope begin, "INIT_ROM" "INIT_ROM" 4 15, 4 15 0, S_0xc69139800;
 .timescale -9 -12;
v0xc6894f340_0 .var/2s "i", 31 0;
S_0xc6893a880 .scope module, "bind_alu_n0546" "bind_alu_n0546" 39 3;
 .timescale -9 -12;
    .port_info 0 /INPUT 1 "clk";
    .port_info 1 /INPUT 1 "rst_n";
    .port_info 2 /INPUT 8 "din";
    .port_info 3 /OUTPUT 8 "dout";
P_0xc68906d80 .param/l "WIDTH" 0 39 3, +C4<00000000000000000000000000001000>;
o0xc68c49590 .functor BUFZ 1, C4<z>; HiZ drive
v0xc6894fd40_0 .net "clk", 0 0, o0xc68c49590;  0 drivers
o0xc68c495c0 .functor BUFZ 8, C4<zzzzzzzz>; HiZ drive
v0xc6894fde0_0 .net "din", 7 0, o0xc68c495c0;  0 drivers
v0xc6894fe80_0 .net "dout", 7 0, v0xc6894fb60_0;  1 drivers
o0xc68c49620 .functor BUFZ 1, C4<z>; HiZ drive
v0xc6894ff20_0 .net "rst_n", 0 0, o0xc68c49620;  0 drivers
S_0xc69139b00 .scope module, "u_lut" "lut_block" 39 10, 4 2 0, S_0xc6893a880;
 .timescale -9 -12;
    .port_info 0 /INPUT 1 "clk";
    .port_info 1 /INPUT 1 "rst_n";
    .port_info 2 /INPUT 8 "din";
    .port_info 3 /OUTPUT 8 "dout";
P_0xc6909b200 .param/l "DEPTH" 0 4 4, +C4<00000000000000000000000100000000>;
P_0xc6909b240 .param/l "WIDTH" 0 4 3, +C4<00000000000000000000000000001000>;
v0xc6894fa20_0 .net "clk", 0 0, o0xc68c49590;  alias, 0 drivers
v0xc6894fac0_0 .net "din", 7 0, o0xc68c495c0;  alias, 0 drivers
v0xc6894fb60_0 .var "dout", 7 0;
v0xc6894fc00 .array "rom", 255 0, 7 0;
v0xc6894fca0_0 .net "rst_n", 0 0, o0xc68c49620;  alias, 0 drivers
E_0xc69118980/0 .event negedge, v0xc6894fca0_0;
E_0xc69118980/1 .event posedge, v0xc6894fa20_0;
E_0xc69118980 .event/or E_0xc69118980/0, E_0xc69118980/1;
S_0xc69139c80 .scope begin, "INIT_ROM" "INIT_ROM" 4 15, 4 15 0, S_0xc69139b00;
 .timescale -9 -12;
v0xc6894f980_0 .var/2s "i", 31 0;
S_0xc6893aa00 .scope module, "bind_alu_n0550" "bind_alu_n0550" 40 3;
 .timescale -9 -12;
    .port_info 0 /INPUT 1 "clk";
    .port_info 1 /INPUT 1 "rst_n";
    .port_info 2 /INPUT 8 "din";
    .port_info 3 /OUTPUT 8 "dout";
P_0xc68906e00 .param/l "WIDTH" 0 40 3, +C4<00000000000000000000000000001000>;
o0xc68c49800 .functor BUFZ 1, C4<z>; HiZ drive
v0xc689503c0_0 .net "clk", 0 0, o0xc68c49800;  0 drivers
o0xc68c49830 .functor BUFZ 8, C4<zzzzzzzz>; HiZ drive
v0xc68950460_0 .net "din", 7 0, o0xc68c49830;  0 drivers
v0xc68950500_0 .net "dout", 7 0, v0xc689501e0_0;  1 drivers
o0xc68c49890 .functor BUFZ 1, C4<z>; HiZ drive
v0xc689505a0_0 .net "rst_n", 0 0, o0xc68c49890;  0 drivers
S_0xc69139e00 .scope module, "u_lut" "lut_block" 40 10, 4 2 0, S_0xc6893aa00;
 .timescale -9 -12;
    .port_info 0 /INPUT 1 "clk";
    .port_info 1 /INPUT 1 "rst_n";
    .port_info 2 /INPUT 8 "din";
    .port_info 3 /OUTPUT 8 "dout";
P_0xc6909b280 .param/l "DEPTH" 0 4 4, +C4<00000000000000000000000100000000>;
P_0xc6909b2c0 .param/l "WIDTH" 0 4 3, +C4<00000000000000000000000000001000>;
v0xc689500a0_0 .net "clk", 0 0, o0xc68c49800;  alias, 0 drivers
v0xc68950140_0 .net "din", 7 0, o0xc68c49830;  alias, 0 drivers
v0xc689501e0_0 .var "dout", 7 0;
v0xc68950280 .array "rom", 255 0, 7 0;
v0xc68950320_0 .net "rst_n", 0 0, o0xc68c49890;  alias, 0 drivers
E_0xc691189c0/0 .event negedge, v0xc68950320_0;
E_0xc691189c0/1 .event posedge, v0xc689500a0_0;
E_0xc691189c0 .event/or E_0xc691189c0/0, E_0xc691189c0/1;
S_0xc69139f80 .scope begin, "INIT_ROM" "INIT_ROM" 4 15, 4 15 0, S_0xc69139e00;
 .timescale -9 -12;
v0xc68950000_0 .var/2s "i", 31 0;
S_0xc6893ab80 .scope module, "bind_alu_n0749" "bind_alu_n0749" 41 3;
 .timescale -9 -12;
    .port_info 0 /INPUT 1 "clk";
    .port_info 1 /INPUT 1 "rst_n";
    .port_info 2 /INPUT 8 "din";
    .port_info 3 /OUTPUT 8 "dout";
P_0xc68906e80 .param/l "WIDTH" 0 41 3, +C4<00000000000000000000000000001000>;
o0xc68c49a70 .functor BUFZ 1, C4<z>; HiZ drive
v0xc68950a00_0 .net "clk", 0 0, o0xc68c49a70;  0 drivers
o0xc68c49aa0 .functor BUFZ 8, C4<zzzzzzzz>; HiZ drive
v0xc68950aa0_0 .net "din", 7 0, o0xc68c49aa0;  0 drivers
v0xc68950b40_0 .net "dout", 7 0, v0xc68950820_0;  1 drivers
o0xc68c49b00 .functor BUFZ 1, C4<z>; HiZ drive
v0xc68950be0_0 .net "rst_n", 0 0, o0xc68c49b00;  0 drivers
S_0xc6913a100 .scope module, "u_lut" "lut_block" 41 10, 4 2 0, S_0xc6893ab80;
 .timescale -9 -12;
    .port_info 0 /INPUT 1 "clk";
    .port_info 1 /INPUT 1 "rst_n";
    .port_info 2 /INPUT 8 "din";
    .port_info 3 /OUTPUT 8 "dout";
P_0xc6909b300 .param/l "DEPTH" 0 4 4, +C4<00000000000000000000000100000000>;
P_0xc6909b340 .param/l "WIDTH" 0 4 3, +C4<00000000000000000000000000001000>;
v0xc689506e0_0 .net "clk", 0 0, o0xc68c49a70;  alias, 0 drivers
v0xc68950780_0 .net "din", 7 0, o0xc68c49aa0;  alias, 0 drivers
v0xc68950820_0 .var "dout", 7 0;
v0xc689508c0 .array "rom", 255 0, 7 0;
v0xc68950960_0 .net "rst_n", 0 0, o0xc68c49b00;  alias, 0 drivers
E_0xc69118a00/0 .event negedge, v0xc68950960_0;
E_0xc69118a00/1 .event posedge, v0xc689506e0_0;
E_0xc69118a00 .event/or E_0xc69118a00/0, E_0xc69118a00/1;
S_0xc6913a280 .scope begin, "INIT_ROM" "INIT_ROM" 4 15, 4 15 0, S_0xc6913a100;
 .timescale -9 -12;
v0xc68950640_0 .var/2s "i", 31 0;
S_0xc6893ad00 .scope module, "bind_alu_n0750" "bind_alu_n0750" 42 3;
 .timescale -9 -12;
    .port_info 0 /INPUT 1 "clk";
    .port_info 1 /INPUT 1 "rst_n";
    .port_info 2 /INPUT 8 "din";
    .port_info 3 /OUTPUT 8 "dout";
P_0xc68906f00 .param/l "WIDTH" 0 42 3, +C4<00000000000000000000000000001000>;
o0xc68c49ce0 .functor BUFZ 1, C4<z>; HiZ drive
v0xc68951040_0 .net "clk", 0 0, o0xc68c49ce0;  0 drivers
o0xc68c49d10 .functor BUFZ 8, C4<zzzzzzzz>; HiZ drive
v0xc689510e0_0 .net "din", 7 0, o0xc68c49d10;  0 drivers
v0xc68951180_0 .net "dout", 7 0, v0xc68950e60_0;  1 drivers
o0xc68c49d70 .functor BUFZ 1, C4<z>; HiZ drive
v0xc68951220_0 .net "rst_n", 0 0, o0xc68c49d70;  0 drivers
S_0xc6913a400 .scope module, "u_lut" "lut_block" 42 10, 4 2 0, S_0xc6893ad00;
 .timescale -9 -12;
    .port_info 0 /INPUT 1 "clk";
    .port_info 1 /INPUT 1 "rst_n";
    .port_info 2 /INPUT 8 "din";
    .port_info 3 /OUTPUT 8 "dout";
P_0xc6909b380 .param/l "DEPTH" 0 4 4, +C4<00000000000000000000000100000000>;
P_0xc6909b3c0 .param/l "WIDTH" 0 4 3, +C4<00000000000000000000000000001000>;
v0xc68950d20_0 .net "clk", 0 0, o0xc68c49ce0;  alias, 0 drivers
v0xc68950dc0_0 .net "din", 7 0, o0xc68c49d10;  alias, 0 drivers
v0xc68950e60_0 .var "dout", 7 0;
v0xc68950f00 .array "rom", 255 0, 7 0;
v0xc68950fa0_0 .net "rst_n", 0 0, o0xc68c49d70;  alias, 0 drivers
E_0xc69118a40/0 .event negedge, v0xc68950fa0_0;
E_0xc69118a40/1 .event posedge, v0xc68950d20_0;
E_0xc69118a40 .event/or E_0xc69118a40/0, E_0xc69118a40/1;
S_0xc6913a580 .scope begin, "INIT_ROM" "INIT_ROM" 4 15, 4 15 0, S_0xc6913a400;
 .timescale -9 -12;
v0xc68950c80_0 .var/2s "i", 31 0;
S_0xc6893ae80 .scope module, "bind_alu_n0751" "bind_alu_n0751" 43 3;
 .timescale -9 -12;
    .port_info 0 /INPUT 1 "clk";
    .port_info 1 /INPUT 1 "rst_n";
    .port_info 2 /INPUT 8 "din";
    .port_info 3 /OUTPUT 8 "dout";
P_0xc68906f80 .param/l "WIDTH" 0 43 3, +C4<00000000000000000000000000001000>;
o0xc68c49f50 .functor BUFZ 1, C4<z>; HiZ drive
v0xc68951680_0 .net "clk", 0 0, o0xc68c49f50;  0 drivers
o0xc68c49f80 .functor BUFZ 8, C4<zzzzzzzz>; HiZ drive
v0xc68951720_0 .net "din", 7 0, o0xc68c49f80;  0 drivers
v0xc689517c0_0 .net "dout", 7 0, v0xc689514a0_0;  1 drivers
o0xc68c49fe0 .functor BUFZ 1, C4<z>; HiZ drive
v0xc68951860_0 .net "rst_n", 0 0, o0xc68c49fe0;  0 drivers
S_0xc6913a700 .scope module, "u_lut" "lut_block" 43 10, 4 2 0, S_0xc6893ae80;
 .timescale -9 -12;
    .port_info 0 /INPUT 1 "clk";
    .port_info 1 /INPUT 1 "rst_n";
    .port_info 2 /INPUT 8 "din";
    .port_info 3 /OUTPUT 8 "dout";
P_0xc6909b400 .param/l "DEPTH" 0 4 4, +C4<00000000000000000000000100000000>;
P_0xc6909b440 .param/l "WIDTH" 0 4 3, +C4<00000000000000000000000000001000>;
v0xc68951360_0 .net "clk", 0 0, o0xc68c49f50;  alias, 0 drivers
v0xc68951400_0 .net "din", 7 0, o0xc68c49f80;  alias, 0 drivers
v0xc689514a0_0 .var "dout", 7 0;
v0xc68951540 .array "rom", 255 0, 7 0;
v0xc689515e0_0 .net "rst_n", 0 0, o0xc68c49fe0;  alias, 0 drivers
E_0xc69118a80/0 .event negedge, v0xc689515e0_0;
E_0xc69118a80/1 .event posedge, v0xc68951360_0;
E_0xc69118a80 .event/or E_0xc69118a80/0, E_0xc69118a80/1;
S_0xc6913a880 .scope begin, "INIT_ROM" "INIT_ROM" 4 15, 4 15 0, S_0xc6913a700;
 .timescale -9 -12;
v0xc689512c0_0 .var/2s "i", 31 0;
S_0xc6893b000 .scope module, "bind_alu_n0803" "bind_alu_n0803" 44 3;
 .timescale -9 -12;
    .port_info 0 /INPUT 1 "clk";
    .port_info 1 /INPUT 1 "rst_n";
    .port_info 2 /INPUT 8 "din";
    .port_info 3 /OUTPUT 8 "dout";
P_0xc68907000 .param/l "WIDTH" 0 44 3, +C4<00000000000000000000000000001000>;
o0xc68c4a1c0 .functor BUFZ 1, C4<z>; HiZ drive
v0xc68951cc0_0 .net "clk", 0 0, o0xc68c4a1c0;  0 drivers
o0xc68c4a1f0 .functor BUFZ 8, C4<zzzzzzzz>; HiZ drive
v0xc68951d60_0 .net "din", 7 0, o0xc68c4a1f0;  0 drivers
v0xc68951e00_0 .net "dout", 7 0, v0xc68951ae0_0;  1 drivers
o0xc68c4a250 .functor BUFZ 1, C4<z>; HiZ drive
v0xc68951ea0_0 .net "rst_n", 0 0, o0xc68c4a250;  0 drivers
S_0xc6913aa00 .scope module, "u_lut" "lut_block" 44 10, 4 2 0, S_0xc6893b000;
 .timescale -9 -12;
    .port_info 0 /INPUT 1 "clk";
    .port_info 1 /INPUT 1 "rst_n";
    .port_info 2 /INPUT 8 "din";
    .port_info 3 /OUTPUT 8 "dout";
P_0xc6909b480 .param/l "DEPTH" 0 4 4, +C4<00000000000000000000000100000000>;
P_0xc6909b4c0 .param/l "WIDTH" 0 4 3, +C4<00000000000000000000000000001000>;
v0xc689519a0_0 .net "clk", 0 0, o0xc68c4a1c0;  alias, 0 drivers
v0xc68951a40_0 .net "din", 7 0, o0xc68c4a1f0;  alias, 0 drivers
v0xc68951ae0_0 .var "dout", 7 0;
v0xc68951b80 .array "rom", 255 0, 7 0;
v0xc68951c20_0 .net "rst_n", 0 0, o0xc68c4a250;  alias, 0 drivers
E_0xc69118ac0/0 .event negedge, v0xc68951c20_0;
E_0xc69118ac0/1 .event posedge, v0xc689519a0_0;
E_0xc69118ac0 .event/or E_0xc69118ac0/0, E_0xc69118ac0/1;
S_0xc6913ab80 .scope begin, "INIT_ROM" "INIT_ROM" 4 15, 4 15 0, S_0xc6913aa00;
 .timescale -9 -12;
v0xc68951900_0 .var/2s "i", 31 0;
S_0xc6893b180 .scope module, "bind_alu_n0846" "bind_alu_n0846" 45 3;
 .timescale -9 -12;
    .port_info 0 /INPUT 1 "clk";
    .port_info 1 /INPUT 1 "rst_n";
    .port_info 2 /INPUT 8 "din";
    .port_info 3 /OUTPUT 8 "dout";
P_0xc68907080 .param/l "WIDTH" 0 45 3, +C4<00000000000000000000000000001000>;
o0xc68c4a430 .functor BUFZ 1, C4<z>; HiZ drive
v0xc68952300_0 .net "clk", 0 0, o0xc68c4a430;  0 drivers
o0xc68c4a460 .functor BUFZ 8, C4<zzzzzzzz>; HiZ drive
v0xc689523a0_0 .net "din", 7 0, o0xc68c4a460;  0 drivers
v0xc68952440_0 .net "dout", 7 0, v0xc68952120_0;  1 drivers
o0xc68c4a4c0 .functor BUFZ 1, C4<z>; HiZ drive
v0xc689524e0_0 .net "rst_n", 0 0, o0xc68c4a4c0;  0 drivers
S_0xc6913ad00 .scope module, "u_lut" "lut_block" 45 10, 4 2 0, S_0xc6893b180;
 .timescale -9 -12;
    .port_info 0 /INPUT 1 "clk";
    .port_info 1 /INPUT 1 "rst_n";
    .port_info 2 /INPUT 8 "din";
    .port_info 3 /OUTPUT 8 "dout";
P_0xc6909b500 .param/l "DEPTH" 0 4 4, +C4<00000000000000000000000100000000>;
P_0xc6909b540 .param/l "WIDTH" 0 4 3, +C4<00000000000000000000000000001000>;
v0xc68951fe0_0 .net "clk", 0 0, o0xc68c4a430;  alias, 0 drivers
v0xc68952080_0 .net "din", 7 0, o0xc68c4a460;  alias, 0 drivers
v0xc68952120_0 .var "dout", 7 0;
v0xc689521c0 .array "rom", 255 0, 7 0;
v0xc68952260_0 .net "rst_n", 0 0, o0xc68c4a4c0;  alias, 0 drivers
E_0xc69118b00/0 .event negedge, v0xc68952260_0;
E_0xc69118b00/1 .event posedge, v0xc68951fe0_0;
E_0xc69118b00 .event/or E_0xc69118b00/0, E_0xc69118b00/1;
S_0xc6913ae80 .scope begin, "INIT_ROM" "INIT_ROM" 4 15, 4 15 0, S_0xc6913ad00;
 .timescale -9 -12;
v0xc68951f40_0 .var/2s "i", 31 0;
S_0xc6893b300 .scope module, "bind_alu_n0848" "bind_alu_n0848" 46 3;
 .timescale -9 -12;
    .port_info 0 /INPUT 1 "clk";
    .port_info 1 /INPUT 1 "rst_n";
    .port_info 2 /INPUT 8 "din";
    .port_info 3 /OUTPUT 8 "dout";
P_0xc68907100 .param/l "WIDTH" 0 46 3, +C4<00000000000000000000000000001000>;
o0xc68c4a6a0 .functor BUFZ 1, C4<z>; HiZ drive
v0xc68952940_0 .net "clk", 0 0, o0xc68c4a6a0;  0 drivers
o0xc68c4a6d0 .functor BUFZ 8, C4<zzzzzzzz>; HiZ drive
v0xc689529e0_0 .net "din", 7 0, o0xc68c4a6d0;  0 drivers
v0xc68952a80_0 .net "dout", 7 0, v0xc68952760_0;  1 drivers
o0xc68c4a730 .functor BUFZ 1, C4<z>; HiZ drive
v0xc68952b20_0 .net "rst_n", 0 0, o0xc68c4a730;  0 drivers
S_0xc6913b000 .scope module, "u_lut" "lut_block" 46 10, 4 2 0, S_0xc6893b300;
 .timescale -9 -12;
    .port_info 0 /INPUT 1 "clk";
    .port_info 1 /INPUT 1 "rst_n";
    .port_info 2 /INPUT 8 "din";
    .port_info 3 /OUTPUT 8 "dout";
P_0xc6909b580 .param/l "DEPTH" 0 4 4, +C4<00000000000000000000000100000000>;
P_0xc6909b5c0 .param/l "WIDTH" 0 4 3, +C4<00000000000000000000000000001000>;
v0xc68952620_0 .net "clk", 0 0, o0xc68c4a6a0;  alias, 0 drivers
v0xc689526c0_0 .net "din", 7 0, o0xc68c4a6d0;  alias, 0 drivers
v0xc68952760_0 .var "dout", 7 0;
v0xc68952800 .array "rom", 255 0, 7 0;
v0xc689528a0_0 .net "rst_n", 0 0, o0xc68c4a730;  alias, 0 drivers
E_0xc69118b40/0 .event negedge, v0xc689528a0_0;
E_0xc69118b40/1 .event posedge, v0xc68952620_0;
E_0xc69118b40 .event/or E_0xc69118b40/0, E_0xc69118b40/1;
S_0xc6913b180 .scope begin, "INIT_ROM" "INIT_ROM" 4 15, 4 15 0, S_0xc6913b000;
 .timescale -9 -12;
v0xc68952580_0 .var/2s "i", 31 0;
S_0xc6893b480 .scope module, "bind_alu_n0854" "bind_alu_n0854" 47 3;
 .timescale -9 -12;
    .port_info 0 /INPUT 1 "clk";
    .port_info 1 /INPUT 1 "rst_n";
    .port_info 2 /INPUT 8 "din";
    .port_info 3 /OUTPUT 8 "dout";
P_0xc68907180 .param/l "WIDTH" 0 47 3, +C4<00000000000000000000000000001000>;
o0xc68c4a910 .functor BUFZ 1, C4<z>; HiZ drive
v0xc68952f80_0 .net "clk", 0 0, o0xc68c4a910;  0 drivers
o0xc68c4a940 .functor BUFZ 8, C4<zzzzzzzz>; HiZ drive
v0xc68953020_0 .net "din", 7 0, o0xc68c4a940;  0 drivers
v0xc689530c0_0 .net "dout", 7 0, v0xc68952da0_0;  1 drivers
o0xc68c4a9a0 .functor BUFZ 1, C4<z>; HiZ drive
v0xc68953160_0 .net "rst_n", 0 0, o0xc68c4a9a0;  0 drivers
S_0xc6913b300 .scope module, "u_lut" "lut_block" 47 10, 4 2 0, S_0xc6893b480;
 .timescale -9 -12;
    .port_info 0 /INPUT 1 "clk";
    .port_info 1 /INPUT 1 "rst_n";
    .port_info 2 /INPUT 8 "din";
    .port_info 3 /OUTPUT 8 "dout";
P_0xc6909b600 .param/l "DEPTH" 0 4 4, +C4<00000000000000000000000100000000>;
P_0xc6909b640 .param/l "WIDTH" 0 4 3, +C4<00000000000000000000000000001000>;
v0xc68952c60_0 .net "clk", 0 0, o0xc68c4a910;  alias, 0 drivers
v0xc68952d00_0 .net "din", 7 0, o0xc68c4a940;  alias, 0 drivers
v0xc68952da0_0 .var "dout", 7 0;
v0xc68952e40 .array "rom", 255 0, 7 0;
v0xc68952ee0_0 .net "rst_n", 0 0, o0xc68c4a9a0;  alias, 0 drivers
E_0xc69118b80/0 .event negedge, v0xc68952ee0_0;
E_0xc69118b80/1 .event posedge, v0xc68952c60_0;
E_0xc69118b80 .event/or E_0xc69118b80/0, E_0xc69118b80/1;
S_0xc6913b480 .scope begin, "INIT_ROM" "INIT_ROM" 4 15, 4 15 0, S_0xc6913b300;
 .timescale -9 -12;
v0xc68952bc0_0 .var/2s "i", 31 0;
S_0xc6893b600 .scope module, "bind_alu_n0870" "bind_alu_n0870" 48 3;
 .timescale -9 -12;
    .port_info 0 /INPUT 1 "clk";
    .port_info 1 /INPUT 1 "rst_n";
    .port_info 2 /INPUT 8 "din";
    .port_info 3 /OUTPUT 8 "dout";
P_0xc68907200 .param/l "WIDTH" 0 48 3, +C4<00000000000000000000000000001000>;
o0xc68c4ab80 .functor BUFZ 1, C4<z>; HiZ drive
v0xc689535c0_0 .net "clk", 0 0, o0xc68c4ab80;  0 drivers
o0xc68c4abb0 .functor BUFZ 8, C4<zzzzzzzz>; HiZ drive
v0xc68953660_0 .net "din", 7 0, o0xc68c4abb0;  0 drivers
v0xc68953700_0 .net "dout", 7 0, v0xc689533e0_0;  1 drivers
o0xc68c4ac10 .functor BUFZ 1, C4<z>; HiZ drive
v0xc689537a0_0 .net "rst_n", 0 0, o0xc68c4ac10;  0 drivers
S_0xc6913b600 .scope module, "u_lut" "lut_block" 48 10, 4 2 0, S_0xc6893b600;
 .timescale -9 -12;
    .port_info 0 /INPUT 1 "clk";
    .port_info 1 /INPUT 1 "rst_n";
    .port_info 2 /INPUT 8 "din";
    .port_info 3 /OUTPUT 8 "dout";
P_0xc6909b680 .param/l "DEPTH" 0 4 4, +C4<00000000000000000000000100000000>;
P_0xc6909b6c0 .param/l "WIDTH" 0 4 3, +C4<00000000000000000000000000001000>;
v0xc689532a0_0 .net "clk", 0 0, o0xc68c4ab80;  alias, 0 drivers
v0xc68953340_0 .net "din", 7 0, o0xc68c4abb0;  alias, 0 drivers
v0xc689533e0_0 .var "dout", 7 0;
v0xc68953480 .array "rom", 255 0, 7 0;
v0xc68953520_0 .net "rst_n", 0 0, o0xc68c4ac10;  alias, 0 drivers
E_0xc69118bc0/0 .event negedge, v0xc68953520_0;
E_0xc69118bc0/1 .event posedge, v0xc689532a0_0;
E_0xc69118bc0 .event/or E_0xc69118bc0/0, E_0xc69118bc0/1;
S_0xc6913b780 .scope begin, "INIT_ROM" "INIT_ROM" 4 15, 4 15 0, S_0xc6913b600;
 .timescale -9 -12;
v0xc68953200_0 .var/2s "i", 31 0;
S_0xc6893b780 .scope module, "bind_alu_n0871" "bind_alu_n0871" 49 3;
 .timescale -9 -12;
    .port_info 0 /INPUT 1 "clk";
    .port_info 1 /INPUT 1 "rst_n";
    .port_info 2 /INPUT 8 "din";
    .port_info 3 /OUTPUT 8 "dout";
P_0xc68907280 .param/l "WIDTH" 0 49 3, +C4<00000000000000000000000000001000>;
o0xc68c4adf0 .functor BUFZ 1, C4<z>; HiZ drive
v0xc68953c00_0 .net "clk", 0 0, o0xc68c4adf0;  0 drivers
o0xc68c4ae20 .functor BUFZ 8, C4<zzzzzzzz>; HiZ drive
v0xc68953ca0_0 .net "din", 7 0, o0xc68c4ae20;  0 drivers
v0xc68953d40_0 .net "dout", 7 0, v0xc68953a20_0;  1 drivers
o0xc68c4ae80 .functor BUFZ 1, C4<z>; HiZ drive
v0xc68953de0_0 .net "rst_n", 0 0, o0xc68c4ae80;  0 drivers
S_0xc6913b900 .scope module, "u_lut" "lut_block" 49 10, 4 2 0, S_0xc6893b780;
 .timescale -9 -12;
    .port_info 0 /INPUT 1 "clk";
    .port_info 1 /INPUT 1 "rst_n";
    .port_info 2 /INPUT 8 "din";
    .port_info 3 /OUTPUT 8 "dout";
P_0xc6909b700 .param/l "DEPTH" 0 4 4, +C4<00000000000000000000000100000000>;
P_0xc6909b740 .param/l "WIDTH" 0 4 3, +C4<00000000000000000000000000001000>;
v0xc689538e0_0 .net "clk", 0 0, o0xc68c4adf0;  alias, 0 drivers
v0xc68953980_0 .net "din", 7 0, o0xc68c4ae20;  alias, 0 drivers
v0xc68953a20_0 .var "dout", 7 0;
v0xc68953ac0 .array "rom", 255 0, 7 0;
v0xc68953b60_0 .net "rst_n", 0 0, o0xc68c4ae80;  alias, 0 drivers
E_0xc69118c00/0 .event negedge, v0xc68953b60_0;
E_0xc69118c00/1 .event posedge, v0xc689538e0_0;
E_0xc69118c00 .event/or E_0xc69118c00/0, E_0xc69118c00/1;
S_0xc6913ba80 .scope begin, "INIT_ROM" "INIT_ROM" 4 15, 4 15 0, S_0xc6913b900;
 .timescale -9 -12;
v0xc68953840_0 .var/2s "i", 31 0;
S_0xc6893b900 .scope module, "bind_alu_n0872" "bind_alu_n0872" 50 3;
 .timescale -9 -12;
    .port_info 0 /INPUT 1 "clk";
    .port_info 1 /INPUT 1 "rst_n";
    .port_info 2 /INPUT 8 "din";
    .port_info 3 /OUTPUT 8 "dout";
P_0xc68907300 .param/l "WIDTH" 0 50 3, +C4<00000000000000000000000000001000>;
o0xc68c4b060 .functor BUFZ 1, C4<z>; HiZ drive
v0xc68954280_0 .net "clk", 0 0, o0xc68c4b060;  0 drivers
o0xc68c4b090 .functor BUFZ 8, C4<zzzzzzzz>; HiZ drive
v0xc68954320_0 .net "din", 7 0, o0xc68c4b090;  0 drivers
v0xc689543c0_0 .net "dout", 7 0, v0xc689540a0_0;  1 drivers
o0xc68c4b0f0 .functor BUFZ 1, C4<z>; HiZ drive
v0xc68954460_0 .net "rst_n", 0 0, o0xc68c4b0f0;  0 drivers
S_0xc6913bc00 .scope module, "u_lut" "lut_block" 50 10, 4 2 0, S_0xc6893b900;
 .timescale -9 -12;
    .port_info 0 /INPUT 1 "clk";
    .port_info 1 /INPUT 1 "rst_n";
    .port_info 2 /INPUT 8 "din";
    .port_info 3 /OUTPUT 8 "dout";
P_0xc6909b780 .param/l "DEPTH" 0 4 4, +C4<00000000000000000000000100000000>;
P_0xc6909b7c0 .param/l "WIDTH" 0 4 3, +C4<00000000000000000000000000001000>;
v0xc68953f20_0 .net "clk", 0 0, o0xc68c4b060;  alias, 0 drivers
v0xc68954000_0 .net "din", 7 0, o0xc68c4b090;  alias, 0 drivers
v0xc689540a0_0 .var "dout", 7 0;
v0xc68954140 .array "rom", 255 0, 7 0;
v0xc689541e0_0 .net "rst_n", 0 0, o0xc68c4b0f0;  alias, 0 drivers
E_0xc69118c40/0 .event negedge, v0xc689541e0_0;
E_0xc69118c40/1 .event posedge, v0xc68953f20_0;
E_0xc69118c40 .event/or E_0xc69118c40/0, E_0xc69118c40/1;
S_0xc6913bd80 .scope begin, "INIT_ROM" "INIT_ROM" 4 15, 4 15 0, S_0xc6913bc00;
 .timescale -9 -12;
v0xc68953e80_0 .var/2s "i", 31 0;
S_0xc6893ba80 .scope module, "bind_alu_n0873" "bind_alu_n0873" 51 3;
 .timescale -9 -12;
    .port_info 0 /INPUT 1 "clk";
    .port_info 1 /INPUT 1 "rst_n";
    .port_info 2 /INPUT 8 "din";
    .port_info 3 /OUTPUT 8 "dout";
P_0xc68907380 .param/l "WIDTH" 0 51 3, +C4<00000000000000000000000000001000>;
o0xc68c4b2d0 .functor BUFZ 1, C4<z>; HiZ drive
v0xc689548c0_0 .net "clk", 0 0, o0xc68c4b2d0;  0 drivers
o0xc68c4b300 .functor BUFZ 8, C4<zzzzzzzz>; HiZ drive
v0xc68954960_0 .net "din", 7 0, o0xc68c4b300;  0 drivers
v0xc68954a00_0 .net "dout", 7 0, v0xc689546e0_0;  1 drivers
o0xc68c4b360 .functor BUFZ 1, C4<z>; HiZ drive
v0xc68954aa0_0 .net "rst_n", 0 0, o0xc68c4b360;  0 drivers
S_0xc6913c000 .scope module, "u_lut" "lut_block" 51 10, 4 2 0, S_0xc6893ba80;
 .timescale -9 -12;
    .port_info 0 /INPUT 1 "clk";
    .port_info 1 /INPUT 1 "rst_n";
    .port_info 2 /INPUT 8 "din";
    .port_info 3 /OUTPUT 8 "dout";
P_0xc6909b800 .param/l "DEPTH" 0 4 4, +C4<00000000000000000000000100000000>;
P_0xc6909b840 .param/l "WIDTH" 0 4 3, +C4<00000000000000000000000000001000>;
v0xc689545a0_0 .net "clk", 0 0, o0xc68c4b2d0;  alias, 0 drivers
v0xc68954640_0 .net "din", 7 0, o0xc68c4b300;  alias, 0 drivers
v0xc689546e0_0 .var "dout", 7 0;
v0xc68954780 .array "rom", 255 0, 7 0;
v0xc68954820_0 .net "rst_n", 0 0, o0xc68c4b360;  alias, 0 drivers
E_0xc69118c80/0 .event negedge, v0xc68954820_0;
E_0xc69118c80/1 .event posedge, v0xc689545a0_0;
E_0xc69118c80 .event/or E_0xc69118c80/0, E_0xc69118c80/1;
S_0xc6913c180 .scope begin, "INIT_ROM" "INIT_ROM" 4 15, 4 15 0, S_0xc6913c000;
 .timescale -9 -12;
v0xc68954500_0 .var/2s "i", 31 0;
S_0xc6893bc00 .scope module, "bind_alu_n0875" "bind_alu_n0875" 52 3;
 .timescale -9 -12;
    .port_info 0 /INPUT 1 "clk";
    .port_info 1 /INPUT 1 "rst_n";
    .port_info 2 /INPUT 8 "din";
    .port_info 3 /OUTPUT 8 "dout";
P_0xc68907400 .param/l "WIDTH" 0 52 3, +C4<00000000000000000000000000001000>;
o0xc68c4b540 .functor BUFZ 1, C4<z>; HiZ drive
v0xc68954f00_0 .net "clk", 0 0, o0xc68c4b540;  0 drivers
o0xc68c4b570 .functor BUFZ 8, C4<zzzzzzzz>; HiZ drive
v0xc68954fa0_0 .net "din", 7 0, o0xc68c4b570;  0 drivers
v0xc68955040_0 .net "dout", 7 0, v0xc68954d20_0;  1 drivers
o0xc68c4b5d0 .functor BUFZ 1, C4<z>; HiZ drive
v0xc689550e0_0 .net "rst_n", 0 0, o0xc68c4b5d0;  0 drivers
S_0xc6913c300 .scope module, "u_lut" "lut_block" 52 10, 4 2 0, S_0xc6893bc00;
 .timescale -9 -12;
    .port_info 0 /INPUT 1 "clk";
    .port_info 1 /INPUT 1 "rst_n";
    .port_info 2 /INPUT 8 "din";
    .port_info 3 /OUTPUT 8 "dout";
P_0xc6909b880 .param/l "DEPTH" 0 4 4, +C4<00000000000000000000000100000000>;
P_0xc6909b8c0 .param/l "WIDTH" 0 4 3, +C4<00000000000000000000000000001000>;
v0xc68954be0_0 .net "clk", 0 0, o0xc68c4b540;  alias, 0 drivers
v0xc68954c80_0 .net "din", 7 0, o0xc68c4b570;  alias, 0 drivers
v0xc68954d20_0 .var "dout", 7 0;
v0xc68954dc0 .array "rom", 255 0, 7 0;
v0xc68954e60_0 .net "rst_n", 0 0, o0xc68c4b5d0;  alias, 0 drivers
E_0xc69118cc0/0 .event negedge, v0xc68954e60_0;
E_0xc69118cc0/1 .event posedge, v0xc68954be0_0;
E_0xc69118cc0 .event/or E_0xc69118cc0/0, E_0xc69118cc0/1;
S_0xc6913c480 .scope begin, "INIT_ROM" "INIT_ROM" 4 15, 4 15 0, S_0xc6913c300;
 .timescale -9 -12;
v0xc68954b40_0 .var/2s "i", 31 0;
S_0xc6893bd80 .scope module, "bind_alu_n0877" "bind_alu_n0877" 53 3;
 .timescale -9 -12;
    .port_info 0 /INPUT 1 "clk";
    .port_info 1 /INPUT 1 "rst_n";
    .port_info 2 /INPUT 8 "din";
    .port_info 3 /OUTPUT 8 "dout";
P_0xc68907480 .param/l "WIDTH" 0 53 3, +C4<00000000000000000000000000001000>;
o0xc68c4b7b0 .functor BUFZ 1, C4<z>; HiZ drive
v0xc68955540_0 .net "clk", 0 0, o0xc68c4b7b0;  0 drivers
o0xc68c4b7e0 .functor BUFZ 8, C4<zzzzzzzz>; HiZ drive
v0xc689555e0_0 .net "din", 7 0, o0xc68c4b7e0;  0 drivers
v0xc68955680_0 .net "dout", 7 0, v0xc68955360_0;  1 drivers
o0xc68c4b840 .functor BUFZ 1, C4<z>; HiZ drive
v0xc68955720_0 .net "rst_n", 0 0, o0xc68c4b840;  0 drivers
S_0xc6913c600 .scope module, "u_lut" "lut_block" 53 10, 4 2 0, S_0xc6893bd80;
 .timescale -9 -12;
    .port_info 0 /INPUT 1 "clk";
    .port_info 1 /INPUT 1 "rst_n";
    .port_info 2 /INPUT 8 "din";
    .port_info 3 /OUTPUT 8 "dout";
P_0xc6909b900 .param/l "DEPTH" 0 4 4, +C4<00000000000000000000000100000000>;
P_0xc6909b940 .param/l "WIDTH" 0 4 3, +C4<00000000000000000000000000001000>;
v0xc68955220_0 .net "clk", 0 0, o0xc68c4b7b0;  alias, 0 drivers
v0xc689552c0_0 .net "din", 7 0, o0xc68c4b7e0;  alias, 0 drivers
v0xc68955360_0 .var "dout", 7 0;
v0xc68955400 .array "rom", 255 0, 7 0;
v0xc689554a0_0 .net "rst_n", 0 0, o0xc68c4b840;  alias, 0 drivers
E_0xc69118d00/0 .event negedge, v0xc689554a0_0;
E_0xc69118d00/1 .event posedge, v0xc68955220_0;
E_0xc69118d00 .event/or E_0xc69118d00/0, E_0xc69118d00/1;
S_0xc6913c780 .scope begin, "INIT_ROM" "INIT_ROM" 4 15, 4 15 0, S_0xc6913c600;
 .timescale -9 -12;
v0xc68955180_0 .var/2s "i", 31 0;
S_0xc6893c000 .scope module, "bind_alu_n0878" "bind_alu_n0878" 54 3;
 .timescale -9 -12;
    .port_info 0 /INPUT 1 "clk";
    .port_info 1 /INPUT 1 "rst_n";
    .port_info 2 /INPUT 8 "din";
    .port_info 3 /OUTPUT 8 "dout";
P_0xc68907500 .param/l "WIDTH" 0 54 3, +C4<00000000000000000000000000001000>;
o0xc68c4ba20 .functor BUFZ 1, C4<z>; HiZ drive
v0xc68955b80_0 .net "clk", 0 0, o0xc68c4ba20;  0 drivers
o0xc68c4ba50 .functor BUFZ 8, C4<zzzzzzzz>; HiZ drive
v0xc68955c20_0 .net "din", 7 0, o0xc68c4ba50;  0 drivers
v0xc68955cc0_0 .net "dout", 7 0, v0xc689559a0_0;  1 drivers
o0xc68c4bab0 .functor BUFZ 1, C4<z>; HiZ drive
v0xc68955d60_0 .net "rst_n", 0 0, o0xc68c4bab0;  0 drivers
S_0xc6913c900 .scope module, "u_lut" "lut_block" 54 10, 4 2 0, S_0xc6893c000;
 .timescale -9 -12;
    .port_info 0 /INPUT 1 "clk";
    .port_info 1 /INPUT 1 "rst_n";
    .port_info 2 /INPUT 8 "din";
    .port_info 3 /OUTPUT 8 "dout";
P_0xc6909b980 .param/l "DEPTH" 0 4 4, +C4<00000000000000000000000100000000>;
P_0xc6909b9c0 .param/l "WIDTH" 0 4 3, +C4<00000000000000000000000000001000>;
v0xc68955860_0 .net "clk", 0 0, o0xc68c4ba20;  alias, 0 drivers
v0xc68955900_0 .net "din", 7 0, o0xc68c4ba50;  alias, 0 drivers
v0xc689559a0_0 .var "dout", 7 0;
v0xc68955a40 .array "rom", 255 0, 7 0;
v0xc68955ae0_0 .net "rst_n", 0 0, o0xc68c4bab0;  alias, 0 drivers
E_0xc69118d40/0 .event negedge, v0xc68955ae0_0;
E_0xc69118d40/1 .event posedge, v0xc68955860_0;
E_0xc69118d40 .event/or E_0xc69118d40/0, E_0xc69118d40/1;
S_0xc6913ca80 .scope begin, "INIT_ROM" "INIT_ROM" 4 15, 4 15 0, S_0xc6913c900;
 .timescale -9 -12;
v0xc689557c0_0 .var/2s "i", 31 0;
S_0xc6893c180 .scope module, "bind_alu_n0879" "bind_alu_n0879" 55 3;
 .timescale -9 -12;
    .port_info 0 /INPUT 1 "clk";
    .port_info 1 /INPUT 1 "rst_n";
    .port_info 2 /INPUT 8 "din";
    .port_info 3 /OUTPUT 8 "dout";
P_0xc68907580 .param/l "WIDTH" 0 55 3, +C4<00000000000000000000000000001000>;
o0xc68c4bc90 .functor BUFZ 1, C4<z>; HiZ drive
v0xc689561c0_0 .net "clk", 0 0, o0xc68c4bc90;  0 drivers
o0xc68c4bcc0 .functor BUFZ 8, C4<zzzzzzzz>; HiZ drive
v0xc68956260_0 .net "din", 7 0, o0xc68c4bcc0;  0 drivers
v0xc68956300_0 .net "dout", 7 0, v0xc68955fe0_0;  1 drivers
o0xc68c4bd20 .functor BUFZ 1, C4<z>; HiZ drive
v0xc689563a0_0 .net "rst_n", 0 0, o0xc68c4bd20;  0 drivers
S_0xc6913cc00 .scope module, "u_lut" "lut_block" 55 10, 4 2 0, S_0xc6893c180;
 .timescale -9 -12;
    .port_info 0 /INPUT 1 "clk";
    .port_info 1 /INPUT 1 "rst_n";
    .port_info 2 /INPUT 8 "din";
    .port_info 3 /OUTPUT 8 "dout";
P_0xc6909ba00 .param/l "DEPTH" 0 4 4, +C4<00000000000000000000000100000000>;
P_0xc6909ba40 .param/l "WIDTH" 0 4 3, +C4<00000000000000000000000000001000>;
v0xc68955ea0_0 .net "clk", 0 0, o0xc68c4bc90;  alias, 0 drivers
v0xc68955f40_0 .net "din", 7 0, o0xc68c4bcc0;  alias, 0 drivers
v0xc68955fe0_0 .var "dout", 7 0;
v0xc68956080 .array "rom", 255 0, 7 0;
v0xc68956120_0 .net "rst_n", 0 0, o0xc68c4bd20;  alias, 0 drivers
E_0xc69118d80/0 .event negedge, v0xc68956120_0;
E_0xc69118d80/1 .event posedge, v0xc68955ea0_0;
E_0xc69118d80 .event/or E_0xc69118d80/0, E_0xc69118d80/1;
S_0xc6913cd80 .scope begin, "INIT_ROM" "INIT_ROM" 4 15, 4 15 0, S_0xc6913cc00;
 .timescale -9 -12;
v0xc68955e00_0 .var/2s "i", 31 0;
S_0xc6893c300 .scope module, "bind_alu_n0887" "bind_alu_n0887" 56 3;
 .timescale -9 -12;
    .port_info 0 /INPUT 1 "clk";
    .port_info 1 /INPUT 1 "rst_n";
    .port_info 2 /INPUT 8 "din";
    .port_info 3 /OUTPUT 8 "dout";
P_0xc68907600 .param/l "WIDTH" 0 56 3, +C4<00000000000000000000000000001000>;
o0xc68c4bf00 .functor BUFZ 1, C4<z>; HiZ drive
v0xc68956800_0 .net "clk", 0 0, o0xc68c4bf00;  0 drivers
o0xc68c4bf30 .functor BUFZ 8, C4<zzzzzzzz>; HiZ drive
v0xc689568a0_0 .net "din", 7 0, o0xc68c4bf30;  0 drivers
v0xc68956940_0 .net "dout", 7 0, v0xc68956620_0;  1 drivers
o0xc68c4bf90 .functor BUFZ 1, C4<z>; HiZ drive
v0xc689569e0_0 .net "rst_n", 0 0, o0xc68c4bf90;  0 drivers
S_0xc6913cf00 .scope module, "u_lut" "lut_block" 56 10, 4 2 0, S_0xc6893c300;
 .timescale -9 -12;
    .port_info 0 /INPUT 1 "clk";
    .port_info 1 /INPUT 1 "rst_n";
    .port_info 2 /INPUT 8 "din";
    .port_info 3 /OUTPUT 8 "dout";
P_0xc6909ba80 .param/l "DEPTH" 0 4 4, +C4<00000000000000000000000100000000>;
P_0xc6909bac0 .param/l "WIDTH" 0 4 3, +C4<00000000000000000000000000001000>;
v0xc689564e0_0 .net "clk", 0 0, o0xc68c4bf00;  alias, 0 drivers
v0xc68956580_0 .net "din", 7 0, o0xc68c4bf30;  alias, 0 drivers
v0xc68956620_0 .var "dout", 7 0;
v0xc689566c0 .array "rom", 255 0, 7 0;
v0xc68956760_0 .net "rst_n", 0 0, o0xc68c4bf90;  alias, 0 drivers
E_0xc69118dc0/0 .event negedge, v0xc68956760_0;
E_0xc69118dc0/1 .event posedge, v0xc689564e0_0;
E_0xc69118dc0 .event/or E_0xc69118dc0/0, E_0xc69118dc0/1;
S_0xc6913d080 .scope begin, "INIT_ROM" "INIT_ROM" 4 15, 4 15 0, S_0xc6913cf00;
 .timescale -9 -12;
v0xc68956440_0 .var/2s "i", 31 0;
S_0xc6893c480 .scope module, "bind_alu_n0889" "bind_alu_n0889" 57 3;
 .timescale -9 -12;
    .port_info 0 /INPUT 1 "clk";
    .port_info 1 /INPUT 1 "rst_n";
    .port_info 2 /INPUT 8 "din";
    .port_info 3 /OUTPUT 8 "dout";
P_0xc68907680 .param/l "WIDTH" 0 57 3, +C4<00000000000000000000000000001000>;
o0xc68c4c170 .functor BUFZ 1, C4<z>; HiZ drive
v0xc68956e40_0 .net "clk", 0 0, o0xc68c4c170;  0 drivers
o0xc68c4c1a0 .functor BUFZ 8, C4<zzzzzzzz>; HiZ drive
v0xc68956ee0_0 .net "din", 7 0, o0xc68c4c1a0;  0 drivers
v0xc68956f80_0 .net "dout", 7 0, v0xc68956c60_0;  1 drivers
o0xc68c4c200 .functor BUFZ 1, C4<z>; HiZ drive
v0xc68957020_0 .net "rst_n", 0 0, o0xc68c4c200;  0 drivers
S_0xc6913d200 .scope module, "u_lut" "lut_block" 57 10, 4 2 0, S_0xc6893c480;
 .timescale -9 -12;
    .port_info 0 /INPUT 1 "clk";
    .port_info 1 /INPUT 1 "rst_n";
    .port_info 2 /INPUT 8 "din";
    .port_info 3 /OUTPUT 8 "dout";
P_0xc6909bb00 .param/l "DEPTH" 0 4 4, +C4<00000000000000000000000100000000>;
P_0xc6909bb40 .param/l "WIDTH" 0 4 3, +C4<00000000000000000000000000001000>;
v0xc68956b20_0 .net "clk", 0 0, o0xc68c4c170;  alias, 0 drivers
v0xc68956bc0_0 .net "din", 7 0, o0xc68c4c1a0;  alias, 0 drivers
v0xc68956c60_0 .var "dout", 7 0;
v0xc68956d00 .array "rom", 255 0, 7 0;
v0xc68956da0_0 .net "rst_n", 0 0, o0xc68c4c200;  alias, 0 drivers
E_0xc69118e00/0 .event negedge, v0xc68956da0_0;
E_0xc69118e00/1 .event posedge, v0xc68956b20_0;
E_0xc69118e00 .event/or E_0xc69118e00/0, E_0xc69118e00/1;
S_0xc6913d380 .scope begin, "INIT_ROM" "INIT_ROM" 4 15, 4 15 0, S_0xc6913d200;
 .timescale -9 -12;
v0xc68956a80_0 .var/2s "i", 31 0;
S_0xc6893c600 .scope module, "bind_alu_n0891" "bind_alu_n0891" 58 3;
 .timescale -9 -12;
    .port_info 0 /INPUT 1 "clk";
    .port_info 1 /INPUT 1 "rst_n";
    .port_info 2 /INPUT 8 "din";
    .port_info 3 /OUTPUT 8 "dout";
P_0xc68907700 .param/l "WIDTH" 0 58 3, +C4<00000000000000000000000000001000>;
o0xc68c4c3e0 .functor BUFZ 1, C4<z>; HiZ drive
v0xc68957480_0 .net "clk", 0 0, o0xc68c4c3e0;  0 drivers
o0xc68c4c410 .functor BUFZ 8, C4<zzzzzzzz>; HiZ drive
v0xc68957520_0 .net "din", 7 0, o0xc68c4c410;  0 drivers
v0xc689575c0_0 .net "dout", 7 0, v0xc689572a0_0;  1 drivers
o0xc68c4c470 .functor BUFZ 1, C4<z>; HiZ drive
v0xc68957660_0 .net "rst_n", 0 0, o0xc68c4c470;  0 drivers
S_0xc6913d500 .scope module, "u_lut" "lut_block" 58 10, 4 2 0, S_0xc6893c600;
 .timescale -9 -12;
    .port_info 0 /INPUT 1 "clk";
    .port_info 1 /INPUT 1 "rst_n";
    .port_info 2 /INPUT 8 "din";
    .port_info 3 /OUTPUT 8 "dout";
P_0xc6909bb80 .param/l "DEPTH" 0 4 4, +C4<00000000000000000000000100000000>;
P_0xc6909bbc0 .param/l "WIDTH" 0 4 3, +C4<00000000000000000000000000001000>;
v0xc68957160_0 .net "clk", 0 0, o0xc68c4c3e0;  alias, 0 drivers
v0xc68957200_0 .net "din", 7 0, o0xc68c4c410;  alias, 0 drivers
v0xc689572a0_0 .var "dout", 7 0;
v0xc68957340 .array "rom", 255 0, 7 0;
v0xc689573e0_0 .net "rst_n", 0 0, o0xc68c4c470;  alias, 0 drivers
E_0xc69118e40/0 .event negedge, v0xc689573e0_0;
E_0xc69118e40/1 .event posedge, v0xc68957160_0;
E_0xc69118e40 .event/or E_0xc69118e40/0, E_0xc69118e40/1;
S_0xc6913d680 .scope begin, "INIT_ROM" "INIT_ROM" 4 15, 4 15 0, S_0xc6913d500;
 .timescale -9 -12;
v0xc689570c0_0 .var/2s "i", 31 0;
S_0xc6893c780 .scope module, "bind_alu_n0893" "bind_alu_n0893" 59 3;
 .timescale -9 -12;
    .port_info 0 /INPUT 1 "clk";
    .port_info 1 /INPUT 1 "rst_n";
    .port_info 2 /INPUT 8 "din";
    .port_info 3 /OUTPUT 8 "dout";
P_0xc68907780 .param/l "WIDTH" 0 59 3, +C4<00000000000000000000000000001000>;
o0xc68c4c650 .functor BUFZ 1, C4<z>; HiZ drive
v0xc68957ac0_0 .net "clk", 0 0, o0xc68c4c650;  0 drivers
o0xc68c4c680 .functor BUFZ 8, C4<zzzzzzzz>; HiZ drive
v0xc68957b60_0 .net "din", 7 0, o0xc68c4c680;  0 drivers
v0xc68957c00_0 .net "dout", 7 0, v0xc689578e0_0;  1 drivers
o0xc68c4c6e0 .functor BUFZ 1, C4<z>; HiZ drive
v0xc68957ca0_0 .net "rst_n", 0 0, o0xc68c4c6e0;  0 drivers
S_0xc6913d800 .scope module, "u_lut" "lut_block" 59 10, 4 2 0, S_0xc6893c780;
 .timescale -9 -12;
    .port_info 0 /INPUT 1 "clk";
    .port_info 1 /INPUT 1 "rst_n";
    .port_info 2 /INPUT 8 "din";
    .port_info 3 /OUTPUT 8 "dout";
P_0xc6909bc00 .param/l "DEPTH" 0 4 4, +C4<00000000000000000000000100000000>;
P_0xc6909bc40 .param/l "WIDTH" 0 4 3, +C4<00000000000000000000000000001000>;
v0xc689577a0_0 .net "clk", 0 0, o0xc68c4c650;  alias, 0 drivers
v0xc68957840_0 .net "din", 7 0, o0xc68c4c680;  alias, 0 drivers
v0xc689578e0_0 .var "dout", 7 0;
v0xc68957980 .array "rom", 255 0, 7 0;
v0xc68957a20_0 .net "rst_n", 0 0, o0xc68c4c6e0;  alias, 0 drivers
E_0xc69118e80/0 .event negedge, v0xc68957a20_0;
E_0xc69118e80/1 .event posedge, v0xc689577a0_0;
E_0xc69118e80 .event/or E_0xc69118e80/0, E_0xc69118e80/1;
S_0xc6913d980 .scope begin, "INIT_ROM" "INIT_ROM" 4 15, 4 15 0, S_0xc6913d800;
 .timescale -9 -12;
v0xc68957700_0 .var/2s "i", 31 0;
S_0xc6893c900 .scope module, "bind_alu_n0911" "bind_alu_n0911" 60 3;
 .timescale -9 -12;
    .port_info 0 /INPUT 1 "clk";
    .port_info 1 /INPUT 1 "rst_n";
    .port_info 2 /INPUT 8 "din";
    .port_info 3 /OUTPUT 8 "dout";
P_0xc68907800 .param/l "WIDTH" 0 60 3, +C4<00000000000000000000000000001000>;
o0xc68c4c8c0 .functor BUFZ 1, C4<z>; HiZ drive
v0xc6895c140_0 .net "clk", 0 0, o0xc68c4c8c0;  0 drivers
o0xc68c4c8f0 .functor BUFZ 8, C4<zzzzzzzz>; HiZ drive
v0xc6895c1e0_0 .net "din", 7 0, o0xc68c4c8f0;  0 drivers
v0xc6895c280_0 .net "dout", 7 0, v0xc68957f20_0;  1 drivers
o0xc68c4c950 .functor BUFZ 1, C4<z>; HiZ drive
v0xc6895c320_0 .net "rst_n", 0 0, o0xc68c4c950;  0 drivers
S_0xc6913db00 .scope module, "u_lut" "lut_block" 60 10, 4 2 0, S_0xc6893c900;
 .timescale -9 -12;
    .port_info 0 /INPUT 1 "clk";
    .port_info 1 /INPUT 1 "rst_n";
    .port_info 2 /INPUT 8 "din";
    .port_info 3 /OUTPUT 8 "dout";
P_0xc6909bc80 .param/l "DEPTH" 0 4 4, +C4<00000000000000000000000100000000>;
P_0xc6909bcc0 .param/l "WIDTH" 0 4 3, +C4<00000000000000000000000000001000>;
v0xc68957de0_0 .net "clk", 0 0, o0xc68c4c8c0;  alias, 0 drivers
v0xc68957e80_0 .net "din", 7 0, o0xc68c4c8f0;  alias, 0 drivers
v0xc68957f20_0 .var "dout", 7 0;
v0xc6895c000 .array "rom", 255 0, 7 0;
v0xc6895c0a0_0 .net "rst_n", 0 0, o0xc68c4c950;  alias, 0 drivers
E_0xc69118ec0/0 .event negedge, v0xc6895c0a0_0;
E_0xc69118ec0/1 .event posedge, v0xc68957de0_0;
E_0xc69118ec0 .event/or E_0xc69118ec0/0, E_0xc69118ec0/1;
S_0xc6913dc80 .scope begin, "INIT_ROM" "INIT_ROM" 4 15, 4 15 0, S_0xc6913db00;
 .timescale -9 -12;
v0xc68957d40_0 .var/2s "i", 31 0;
S_0xc6893ca80 .scope module, "bind_alu_n0912" "bind_alu_n0912" 61 3;
 .timescale -9 -12;
    .port_info 0 /INPUT 1 "clk";
    .port_info 1 /INPUT 1 "rst_n";
    .port_info 2 /INPUT 8 "din";
    .port_info 3 /OUTPUT 8 "dout";
P_0xc68907880 .param/l "WIDTH" 0 61 3, +C4<00000000000000000000000000001000>;
o0xc68c4cb30 .functor BUFZ 1, C4<z>; HiZ drive
v0xc6895c780_0 .net "clk", 0 0, o0xc68c4cb30;  0 drivers
o0xc68c4cb60 .functor BUFZ 8, C4<zzzzzzzz>; HiZ drive
v0xc6895c820_0 .net "din", 7 0, o0xc68c4cb60;  0 drivers
v0xc6895c8c0_0 .net "dout", 7 0, v0xc6895c5a0_0;  1 drivers
o0xc68c4cbc0 .functor BUFZ 1, C4<z>; HiZ drive
v0xc6895c960_0 .net "rst_n", 0 0, o0xc68c4cbc0;  0 drivers
S_0xc6913de00 .scope module, "u_lut" "lut_block" 61 10, 4 2 0, S_0xc6893ca80;
 .timescale -9 -12;
    .port_info 0 /INPUT 1 "clk";
    .port_info 1 /INPUT 1 "rst_n";
    .port_info 2 /INPUT 8 "din";
    .port_info 3 /OUTPUT 8 "dout";
P_0xc6909bd00 .param/l "DEPTH" 0 4 4, +C4<00000000000000000000000100000000>;
P_0xc6909bd40 .param/l "WIDTH" 0 4 3, +C4<00000000000000000000000000001000>;
v0xc6895c460_0 .net "clk", 0 0, o0xc68c4cb30;  alias, 0 drivers
v0xc6895c500_0 .net "din", 7 0, o0xc68c4cb60;  alias, 0 drivers
v0xc6895c5a0_0 .var "dout", 7 0;
v0xc6895c640 .array "rom", 255 0, 7 0;
v0xc6895c6e0_0 .net "rst_n", 0 0, o0xc68c4cbc0;  alias, 0 drivers
E_0xc69118f00/0 .event negedge, v0xc6895c6e0_0;
E_0xc69118f00/1 .event posedge, v0xc6895c460_0;
E_0xc69118f00 .event/or E_0xc69118f00/0, E_0xc69118f00/1;
S_0xc6913df80 .scope begin, "INIT_ROM" "INIT_ROM" 4 15, 4 15 0, S_0xc6913de00;
 .timescale -9 -12;
v0xc6895c3c0_0 .var/2s "i", 31 0;
S_0xc6893cc00 .scope module, "bind_alu_n0913" "bind_alu_n0913" 62 3;
 .timescale -9 -12;
    .port_info 0 /INPUT 1 "clk";
    .port_info 1 /INPUT 1 "rst_n";
    .port_info 2 /INPUT 8 "din";
    .port_info 3 /OUTPUT 8 "dout";
P_0xc68907900 .param/l "WIDTH" 0 62 3, +C4<00000000000000000000000000001000>;
o0xc68c4cda0 .functor BUFZ 1, C4<z>; HiZ drive
v0xc6895cdc0_0 .net "clk", 0 0, o0xc68c4cda0;  0 drivers
o0xc68c4cdd0 .functor BUFZ 8, C4<zzzzzzzz>; HiZ drive
v0xc6895ce60_0 .net "din", 7 0, o0xc68c4cdd0;  0 drivers
v0xc6895cf00_0 .net "dout", 7 0, v0xc6895cbe0_0;  1 drivers
o0xc68c4ce30 .functor BUFZ 1, C4<z>; HiZ drive
v0xc6895cfa0_0 .net "rst_n", 0 0, o0xc68c4ce30;  0 drivers
S_0xc6913e100 .scope module, "u_lut" "lut_block" 62 10, 4 2 0, S_0xc6893cc00;
 .timescale -9 -12;
    .port_info 0 /INPUT 1 "clk";
    .port_info 1 /INPUT 1 "rst_n";
    .port_info 2 /INPUT 8 "din";
    .port_info 3 /OUTPUT 8 "dout";
P_0xc6909bd80 .param/l "DEPTH" 0 4 4, +C4<00000000000000000000000100000000>;
P_0xc6909bdc0 .param/l "WIDTH" 0 4 3, +C4<00000000000000000000000000001000>;
v0xc6895caa0_0 .net "clk", 0 0, o0xc68c4cda0;  alias, 0 drivers
v0xc6895cb40_0 .net "din", 7 0, o0xc68c4cdd0;  alias, 0 drivers
v0xc6895cbe0_0 .var "dout", 7 0;
v0xc6895cc80 .array "rom", 255 0, 7 0;
v0xc6895cd20_0 .net "rst_n", 0 0, o0xc68c4ce30;  alias, 0 drivers
E_0xc69118f40/0 .event negedge, v0xc6895cd20_0;
E_0xc69118f40/1 .event posedge, v0xc6895caa0_0;
E_0xc69118f40 .event/or E_0xc69118f40/0, E_0xc69118f40/1;
S_0xc6913e280 .scope begin, "INIT_ROM" "INIT_ROM" 4 15, 4 15 0, S_0xc6913e100;
 .timescale -9 -12;
v0xc6895ca00_0 .var/2s "i", 31 0;
S_0xc6893cd80 .scope module, "bind_alu_n0914" "bind_alu_n0914" 63 3;
 .timescale -9 -12;
    .port_info 0 /INPUT 1 "clk";
    .port_info 1 /INPUT 1 "rst_n";
    .port_info 2 /INPUT 8 "din";
    .port_info 3 /OUTPUT 8 "dout";
P_0xc68907980 .param/l "WIDTH" 0 63 3, +C4<00000000000000000000000000001000>;
o0xc68c4d010 .functor BUFZ 1, C4<z>; HiZ drive
v0xc6895d400_0 .net "clk", 0 0, o0xc68c4d010;  0 drivers
o0xc68c4d040 .functor BUFZ 8, C4<zzzzzzzz>; HiZ drive
v0xc6895d4a0_0 .net "din", 7 0, o0xc68c4d040;  0 drivers
v0xc6895d540_0 .net "dout", 7 0, v0xc6895d220_0;  1 drivers
o0xc68c4d0a0 .functor BUFZ 1, C4<z>; HiZ drive
v0xc6895d5e0_0 .net "rst_n", 0 0, o0xc68c4d0a0;  0 drivers
S_0xc6913e400 .scope module, "u_lut" "lut_block" 63 10, 4 2 0, S_0xc6893cd80;
 .timescale -9 -12;
    .port_info 0 /INPUT 1 "clk";
    .port_info 1 /INPUT 1 "rst_n";
    .port_info 2 /INPUT 8 "din";
    .port_info 3 /OUTPUT 8 "dout";
P_0xc6909be00 .param/l "DEPTH" 0 4 4, +C4<00000000000000000000000100000000>;
P_0xc6909be40 .param/l "WIDTH" 0 4 3, +C4<00000000000000000000000000001000>;
v0xc6895d0e0_0 .net "clk", 0 0, o0xc68c4d010;  alias, 0 drivers
v0xc6895d180_0 .net "din", 7 0, o0xc68c4d040;  alias, 0 drivers
v0xc6895d220_0 .var "dout", 7 0;
v0xc6895d2c0 .array "rom", 255 0, 7 0;
v0xc6895d360_0 .net "rst_n", 0 0, o0xc68c4d0a0;  alias, 0 drivers
E_0xc69118f80/0 .event negedge, v0xc6895d360_0;
E_0xc69118f80/1 .event posedge, v0xc6895d0e0_0;
E_0xc69118f80 .event/or E_0xc69118f80/0, E_0xc69118f80/1;
S_0xc6913e580 .scope begin, "INIT_ROM" "INIT_ROM" 4 15, 4 15 0, S_0xc6913e400;
 .timescale -9 -12;
v0xc6895d040_0 .var/2s "i", 31 0;
S_0xc6893cf00 .scope module, "bind_alu_tmp" "bind_alu_tmp" 64 3;
 .timescale -9 -12;
    .port_info 0 /INPUT 1 "clk";
    .port_info 1 /INPUT 1 "rst_n";
    .port_info 2 /INPUT 8 "din";
    .port_info 3 /OUTPUT 8 "dout";
P_0xc68907a00 .param/l "WIDTH" 0 64 3, +C4<00000000000000000000000000001000>;
o0xc68c4d280 .functor BUFZ 1, C4<z>; HiZ drive
v0xc6895da40_0 .net "clk", 0 0, o0xc68c4d280;  0 drivers
o0xc68c4d2b0 .functor BUFZ 8, C4<zzzzzzzz>; HiZ drive
v0xc6895dae0_0 .net "din", 7 0, o0xc68c4d2b0;  0 drivers
v0xc6895db80_0 .net "dout", 7 0, v0xc6895d860_0;  1 drivers
o0xc68c4d310 .functor BUFZ 1, C4<z>; HiZ drive
v0xc6895dc20_0 .net "rst_n", 0 0, o0xc68c4d310;  0 drivers
S_0xc6913e700 .scope module, "u_lut" "lut_block" 64 10, 4 2 0, S_0xc6893cf00;
 .timescale -9 -12;
    .port_info 0 /INPUT 1 "clk";
    .port_info 1 /INPUT 1 "rst_n";
    .port_info 2 /INPUT 8 "din";
    .port_info 3 /OUTPUT 8 "dout";
P_0xc6909be80 .param/l "DEPTH" 0 4 4, +C4<00000000000000000000000100000000>;
P_0xc6909bec0 .param/l "WIDTH" 0 4 3, +C4<00000000000000000000000000001000>;
v0xc6895d720_0 .net "clk", 0 0, o0xc68c4d280;  alias, 0 drivers
v0xc6895d7c0_0 .net "din", 7 0, o0xc68c4d2b0;  alias, 0 drivers
v0xc6895d860_0 .var "dout", 7 0;
v0xc6895d900 .array "rom", 255 0, 7 0;
v0xc6895d9a0_0 .net "rst_n", 0 0, o0xc68c4d310;  alias, 0 drivers
E_0xc69118fc0/0 .event negedge, v0xc6895d9a0_0;
E_0xc69118fc0/1 .event posedge, v0xc6895d720_0;
E_0xc69118fc0 .event/or E_0xc69118fc0/0, E_0xc69118fc0/1;
S_0xc6913e880 .scope begin, "INIT_ROM" "INIT_ROM" 4 15, 4 15 0, S_0xc6913e700;
 .timescale -9 -12;
v0xc6895d680_0 .var/2s "i", 31 0;
S_0xc6893d080 .scope module, "tb_4004_ams" "tb_4004_ams" 65 2;
 .timescale -9 -12;
L_0xc68c787f0 .functor BUFT 1, C4<0000000>, C4<0>, C4<0>, C4<0>;
v0xc689697c0_0 .net/2u *"_ivl_48", 6 0, L_0xc68c787f0;  1 drivers
L_0xc68c78838 .functor BUFT 1, C4<0000000>, C4<0>, C4<0>, C4<0>;
v0xc68969860_0 .net/2u *"_ivl_52", 6 0, L_0xc68c78838;  1 drivers
L_0xc68c78880 .functor BUFT 1, C4<0000000>, C4<0>, C4<0>, C4<0>;
v0xc68969900_0 .net/2u *"_ivl_56", 6 0, L_0xc68c78880;  1 drivers
L_0xc68c788c8 .functor BUFT 1, C4<0000000>, C4<0>, C4<0>, C4<0>;
v0xc689699a0_0 .net/2u *"_ivl_60", 6 0, L_0xc68c788c8;  1 drivers
L_0xc68c78910 .functor BUFT 1, C4<0000000>, C4<0>, C4<0>, C4<0>;
v0xc68969a40_0 .net/2u *"_ivl_64", 6 0, L_0xc68c78910;  1 drivers
L_0xc68c78958 .functor BUFT 1, C4<0000000>, C4<0>, C4<0>, C4<0>;
v0xc68969ae0_0 .net/2u *"_ivl_68", 6 0, L_0xc68c78958;  1 drivers
L_0xc68c789a0 .functor BUFT 1, C4<0000000>, C4<0>, C4<0>, C4<0>;
v0xc68969b80_0 .net/2u *"_ivl_72", 6 0, L_0xc68c789a0;  1 drivers
L_0xc68c789e8 .functor BUFT 1, C4<0000000>, C4<0>, C4<0>, C4<0>;
v0xc68969c20_0 .net/2u *"_ivl_76", 6 0, L_0xc68c789e8;  1 drivers
v0xc68969cc0_0 .var "_ivl_80", 31 0;
v0xc68969d60_0 .var "a12", 0 0;
v0xc68969e00_0 .net "acc_0", 0 0, L_0xc689294a0;  1 drivers
v0xc68969ea0_0 .net "add_0", 0 0, L_0xc689299a0;  1 drivers
v0xc68969f40_0 .net "cmram0", 0 0, L_0xc69153720;  1 drivers
v0xc68969fe0_0 .net "cmram1", 0 0, L_0xc69153410;  1 drivers
v0xc6896a080_0 .net "cmram2", 0 0, L_0xc69153330;  1 drivers
v0xc6896a120_0 .net "cmram3", 0 0, L_0xc69153250;  1 drivers
v0xc6896a1c0_0 .net "cmrom", 0 0, L_0xc69153800;  1 drivers
v0xc6896a260_0 .net "cy_1", 0 0, v0xc689633e0_0;  1 drivers
v0xc6896a300_0 .net "data", 3 0, L_0xc68934380;  1 drivers
v0xc6896a3a0_0 .net "dout_acc0", 7 0, v0xc68966760_0;  1 drivers
v0xc6896a440_0 .net "dout_add0", 7 0, v0xc68966da0_0;  1 drivers
v0xc6896a4e0_0 .net "dout_cmram0", 7 0, v0xc689673e0_0;  1 drivers
v0xc6896a580_0 .net "dout_cmram1", 7 0, v0xc68967a20_0;  1 drivers
v0xc6896a620_0 .net "dout_cmram2", 7 0, v0xc689680a0_0;  1 drivers
v0xc6896a6c0_0 .net "dout_cmram3", 7 0, v0xc689686e0_0;  1 drivers
v0xc6896a760_0 .net "dout_cmrom", 7 0, v0xc68968d20_0;  1 drivers
v0xc6896a800_0 .net "dout_cy1", 7 0, v0xc68969360_0;  1 drivers
v0xc6896a8a0_0 .var "m12", 0 0;
v0xc6896a940_0 .var "poc", 0 0;
v0xc6896a9e0_0 .var "rst_n", 0 0;
v0xc6896aa80_0 .var/2s "seed", 31 0;
v0xc6896ab20_0 .var "sysclk", 0 0;
v0xc6896abc0_0 .var "x12", 0 0;
L_0xc688a46e0 .concat [ 1 7 0 0], v0xc689633e0_0, L_0xc68c787f0;
L_0xc688a4780 .concat [ 1 7 0 0], L_0xc689299a0, L_0xc68c78838;
L_0xc688a4820 .concat [ 1 7 0 0], L_0xc689294a0, L_0xc68c78880;
L_0xc688a48c0 .concat [ 1 7 0 0], L_0xc69153800, L_0xc68c788c8;
L_0xc688a4960 .concat [ 1 7 0 0], L_0xc69153720, L_0xc68c78910;
L_0xc688a4a00 .concat [ 1 7 0 0], L_0xc69153410, L_0xc68c78958;
L_0xc688a4aa0 .concat [ 1 7 0 0], L_0xc69153330, L_0xc68c789a0;
L_0xc688a4b40 .concat [ 1 7 0 0], L_0xc69153250, L_0xc68c789e8;
S_0xc6913ea00 .scope module, "u_alu" "alu" 65 37, 66 22 0, S_0xc6893d080;
 .timescale -9 -12;
    .port_info 0 /INPUT 1 "sysclk";
    .port_info 1 /INPUT 1 "a12";
    .port_info 2 /INPUT 1 "m12";
    .port_info 3 /INPUT 1 "x12";
    .port_info 4 /INPUT 1 "poc";
    .port_info 5 /INOUT 4 "data";
    .port_info 6 /OUTPUT 1 "acc_0";
    .port_info 7 /OUTPUT 1 "add_0";
    .port_info 8 /OUTPUT 1 "cy_1";
    .port_info 9 /INPUT 1 "cma";
    .port_info 10 /INPUT 1 "write_acc_1";
    .port_info 11 /INPUT 1 "write_carry_2";
    .port_info 12 /INPUT 1 "read_acc_3";
    .port_info 13 /INPUT 1 "add_group_4";
    .port_info 14 /INPUT 1 "inc_group_5";
    .port_info 15 /INPUT 1 "sub_group_6";
    .port_info 16 /INPUT 1 "ior";
    .port_info 17 /INPUT 1 "iow";
    .port_info 18 /INPUT 1 "ral";
    .port_info 19 /INPUT 1 "rar";
    .port_info 20 /INPUT 1 "ope_n";
    .port_info 21 /INPUT 1 "daa";
    .port_info 22 /INPUT 1 "dcl";
    .port_info 23 /INPUT 1 "inc_isz";
    .port_info 24 /INPUT 1 "kbp";
    .port_info 25 /INPUT 1 "o_ib";
    .port_info 26 /INPUT 1 "tcs";
    .port_info 27 /INPUT 1 "xch";
    .port_info 28 /INPUT 1 "n0342";
    .port_info 29 /INPUT 1 "x21_clk2";
    .port_info 30 /INPUT 1 "x31_clk2";
    .port_info 31 /INPUT 1 "com_n";
    .port_info 32 /OUTPUT 1 "cmram0";
    .port_info 33 /OUTPUT 1 "cmram1";
    .port_info 34 /OUTPUT 1 "cmram2";
    .port_info 35 /OUTPUT 1 "cmram3";
    .port_info 36 /OUTPUT 1 "cmrom";
L_0x100c28ee0 .functor NOT 1, v0xc6896abc0_0, C4<0>, C4<0>, C4<0>;
L_0x100c29450 .functor NOT 1, L_0x100c28ee0, C4<0>, C4<0>, C4<0>;
L_0xc68c78520 .functor BUFT 1, C4<0>, C4<0>, C4<0>, C4<0>;
L_0x100c29980 .functor NOT 1, L_0xc68c78520, C4<0>, C4<0>, C4<0>;
L_0xc68c78718 .functor BUFT 1, C4<0>, C4<0>, C4<0>, C4<0>;
L_0x100c29eb0 .functor OR 1, L_0xc68c78718, L_0x100c29980, C4<0>, C4<0>;
L_0x100c2a3e0 .functor NOT 1, L_0x100c29eb0, C4<0>, C4<0>, C4<0>;
L_0xc68c78490 .functor BUFT 1, C4<1>, C4<0>, C4<0>, C4<0>;
L_0x100c2a910 .functor OR 1, L_0xc68c78718, L_0xc68c78490, C4<0>, C4<0>;
L_0x100c2ae40 .functor NOT 1, L_0x100c2a910, C4<0>, C4<0>, C4<0>;
L_0xc68c78568 .functor BUFT 1, C4<0>, C4<0>, C4<0>, C4<0>;
L_0x100c2b370 .functor NOT 1, L_0xc68c78568, C4<0>, C4<0>, C4<0>;
L_0xc68c78760 .functor BUFT 1, C4<0>, C4<0>, C4<0>, C4<0>;
L_0x100c22ee0 .functor OR 1, L_0xc68c78760, L_0x100c2b370, C4<0>, C4<0>;
L_0x100c22f50 .functor NOT 1, L_0x100c22ee0, C4<0>, C4<0>, C4<0>;
L_0xc68c783b8 .functor BUFT 1, C4<0>, C4<0>, C4<0>, C4<0>;
L_0x100c341e0 .functor NOT 1, L_0xc68c783b8, C4<0>, C4<0>, C4<0>;
L_0x100c34250 .functor OR 1, L_0xc68c78760, L_0x100c341e0, C4<0>, C4<0>;
L_0x100c342c0 .functor NOT 1, L_0x100c34250, C4<0>, C4<0>, C4<0>;
L_0xc68c78688 .functor BUFT 1, C4<0>, C4<0>, C4<0>, C4<0>;
L_0xc69150000 .functor NOT 1, L_0xc68c78688, C4<0>, C4<0>, C4<0>;
L_0xc69150070 .functor OR 1, L_0xc68c78760, L_0xc69150000, C4<0>, C4<0>;
L_0xc691500e0 .functor NOT 1, L_0xc68c783b8, C4<0>, C4<0>, C4<0>;
L_0xc69150150 .functor OR 1, L_0xc68c78718, L_0xc691500e0, C4<0>, C4<0>;
L_0xc691501c0 .functor AND 1, L_0xc69150070, L_0xc69150150, C4<1>, C4<1>;
L_0xc69150230 .functor NOT 1, L_0xc691501c0, C4<0>, C4<0>, C4<0>;
L_0xc691502a0 .functor NOT 1, L_0xc68c78760, C4<0>, C4<0>, C4<0>;
L_0xc68c78370 .functor BUFT 1, C4<0>, C4<0>, C4<0>, C4<0>;
L_0xc69150310 .functor NOT 1, L_0xc68c78370, C4<0>, C4<0>, C4<0>;
L_0xc69150380 .functor AND 1, L_0xc691502a0, L_0xc69150310, C4<1>, C4<1>;
L_0xc691503f0 .functor AND 1, v0xc68969d60_0, L_0xc68c78370, C4<1>, C4<1>;
L_0xc69150460 .functor OR 1, L_0xc69150380, L_0xc691503f0, C4<0>, C4<0>;
L_0xc691504d0 .functor NOT 1, L_0xc69150460, C4<0>, C4<0>, C4<0>;
L_0xc68c78208 .functor BUFT 1, C4<0>, C4<0>, C4<0>, C4<0>;
L_0xc69150540 .functor OR 1, L_0xc68c78208, L_0xc691504d0, C4<0>, C4<0>;
L_0xc691505b0 .functor NOT 1, L_0xc69150540, C4<0>, C4<0>, C4<0>;
L_0xc68c781c0 .functor BUFT 1, C4<0>, C4<0>, C4<0>, C4<0>;
L_0xc69150620 .functor OR 1, L_0xc68c781c0, L_0xc691504d0, C4<0>, C4<0>;
L_0xc69150690 .functor NOT 1, L_0xc69150620, C4<0>, C4<0>, C4<0>;
L_0xc68c78448 .functor BUFT 1, C4<0>, C4<0>, C4<0>, C4<0>;
L_0xc69150700 .functor NOT 1, L_0xc68c78448, C4<0>, C4<0>, C4<0>;
L_0xc69150770 .functor OR 1, L_0xc68c78760, L_0xc69150700, C4<0>, C4<0>;
L_0xc691507e0 .functor NOT 1, L_0xc69150770, C4<0>, C4<0>, C4<0>;
L_0xc68c78400 .functor BUFT 1, C4<0>, C4<0>, C4<0>, C4<0>;
L_0xc69150850 .functor NOT 1, L_0xc68c78400, C4<0>, C4<0>, C4<0>;
L_0xc691508c0 .functor OR 1, L_0xc68c78760, L_0xc69150850, C4<0>, C4<0>;
L_0xc69150930 .functor NOT 1, L_0xc691508c0, C4<0>, C4<0>, C4<0>;
L_0xc68c78178 .functor BUFT 1, C4<0>, C4<0>, C4<0>, C4<0>;
L_0xc691509a0 .functor NOT 1, L_0xc68c78178, C4<0>, C4<0>, C4<0>;
L_0xc68c786d0 .functor BUFT 1, C4<1>, C4<0>, C4<0>, C4<0>;
L_0xc69150a10 .functor OR 1, L_0xc691509a0, L_0xc68c786d0, C4<0>, C4<0>;
L_0xc69150a80 .functor NOT 1, L_0xc69150a10, C4<0>, C4<0>, C4<0>;
L_0xc68c78250 .functor BUFT 1, C4<0>, C4<0>, C4<0>, C4<0>;
L_0xc69150af0 .functor OR 1, L_0xc68c78250, L_0xc68c786d0, C4<0>, C4<0>;
L_0xc69150b60 .functor NOT 1, L_0xc69150af0, C4<0>, C4<0>, C4<0>;
L_0xc68c78298 .functor BUFT 1, C4<0>, C4<0>, C4<0>, C4<0>;
L_0xc69150bd0 .functor OR 1, L_0xc68c78298, L_0xc68c786d0, C4<0>, C4<0>;
L_0xc69150c40 .functor NOT 1, L_0xc69150bd0, C4<0>, C4<0>, C4<0>;
L_0xc68c78328 .functor BUFT 1, C4<0>, C4<0>, C4<0>, C4<0>;
L_0xc69150cb0 .functor OR 1, L_0xc68c78328, L_0xc68c786d0, C4<0>, C4<0>;
L_0xc69150d20 .functor NOT 1, L_0xc69150cb0, C4<0>, C4<0>, C4<0>;
L_0xc68c782e0 .functor BUFT 1, C4<0>, C4<0>, C4<0>, C4<0>;
L_0xc69150d90 .functor OR 1, L_0xc68c782e0, L_0xc68c786d0, C4<0>, C4<0>;
L_0xc69150e00 .functor NOT 1, L_0xc69150d90, C4<0>, C4<0>, C4<0>;
L_0xc69150e70 .functor OR 1, v0xc68965680_0, v0xc68965180_0, C4<0>, C4<0>;
L_0xc69150ee0 .functor AND 1, v0xc68965680_0, v0xc68965180_0, C4<1>, C4<1>;
L_0xc69150f50 .functor NOT 1, L_0xc69102760, C4<0>, C4<0>, C4<0>;
L_0xc689340e0 .functor BUFZ 1, L_0xc69150f50, C4<0>, C4<0>, C4<0>;
L_0xc69150fc0 .functor OR 1, v0xc68965720_0, v0xc68965220_0, C4<0>, C4<0>;
L_0xc69151030 .functor AND 1, v0xc68965720_0, v0xc68965220_0, C4<1>, C4<1>;
L_0xc691510a0 .functor NOT 1, L_0xc69102b20, C4<0>, C4<0>, C4<0>;
L_0xc68934150 .functor BUFZ 1, L_0xc691510a0, C4<0>, C4<0>, C4<0>;
L_0xc69151110 .functor OR 1, v0xc689657c0_0, v0xc689652c0_0, C4<0>, C4<0>;
L_0xc69151180 .functor AND 1, v0xc689657c0_0, v0xc689652c0_0, C4<1>, C4<1>;
L_0xc691511f0 .functor NOT 1, L_0xc69103020, C4<0>, C4<0>, C4<0>;
L_0xc689341c0 .functor BUFZ 1, L_0xc691511f0, C4<0>, C4<0>, C4<0>;
L_0xc69151260 .functor OR 1, v0xc68965860_0, v0xc68965360_0, C4<0>, C4<0>;
L_0xc691512d0 .functor AND 1, v0xc68965860_0, v0xc68965360_0, C4<1>, C4<1>;
L_0xc69151340 .functor NOT 1, L_0xc69102ee0, C4<0>, C4<0>, C4<0>;
L_0xc68934230 .functor BUFZ 1, L_0xc69151340, C4<0>, C4<0>, C4<0>;
L_0xc691513b0 .functor AND 1, v0xc68965860_0, L_0xc689341c0, C4<1>, C4<1>;
L_0xc69151420 .functor AND 1, L_0xc691513b0, v0xc68965360_0, C4<1>, C4<1>;
L_0xc69151490 .functor OR 1, v0xc68965860_0, v0xc68965360_0, C4<0>, C4<0>;
L_0xc69151500 .functor OR 1, L_0xc69151490, L_0xc689341c0, C4<0>, C4<0>;
L_0xc69151570 .functor AND 1, L_0xc68934230, L_0xc69151500, C4<1>, C4<1>;
L_0xc691515e0 .functor OR 1, L_0xc69151420, L_0xc69151570, C4<0>, C4<0>;
L_0xc69151650 .functor NOT 1, L_0xc691515e0, C4<0>, C4<0>, C4<0>;
L_0xc691516c0 .functor AND 1, L_0xc69151650, v0xc68964960_0, C4<1>, C4<1>;
L_0xc69151730 .functor AND 1, L_0xc691516c0, v0xc68965180_0, C4<1>, C4<1>;
L_0xc691517a0 .functor OR 1, v0xc68965680_0, v0xc68965180_0, C4<0>, C4<0>;
L_0xc69151810 .functor OR 1, L_0xc691517a0, v0xc68964960_0, C4<0>, C4<0>;
L_0xc69151880 .functor AND 1, L_0xc689340e0, L_0xc69151810, C4<1>, C4<1>;
L_0xc691518f0 .functor OR 1, L_0xc69151730, L_0xc69151880, C4<0>, C4<0>;
L_0xc69151960 .functor NOT 1, L_0xc691518f0, C4<0>, C4<0>, C4<0>;
L_0xc691519d0 .functor AND 1, v0xc68965720_0, L_0xc689340e0, C4<1>, C4<1>;
L_0xc69151a40 .functor AND 1, L_0xc691519d0, v0xc68965220_0, C4<1>, C4<1>;
L_0xc69151ab0 .functor OR 1, v0xc68965720_0, v0xc68965220_0, C4<0>, C4<0>;
L_0xc69151b20 .functor OR 1, L_0xc69151ab0, L_0xc689340e0, C4<0>, C4<0>;
L_0xc69151b90 .functor AND 1, L_0xc68934150, L_0xc69151b20, C4<1>, C4<1>;
L_0xc69151c00 .functor OR 1, L_0xc69151a40, L_0xc69151b90, C4<0>, C4<0>;
L_0xc69151c70 .functor NOT 1, L_0xc69151c00, C4<0>, C4<0>, C4<0>;
L_0xc69151ce0 .functor AND 1, v0xc689657c0_0, L_0xc68934150, C4<1>, C4<1>;
L_0xc69151d50 .functor AND 1, L_0xc69151ce0, v0xc689652c0_0, C4<1>, C4<1>;
L_0xc69151dc0 .functor OR 1, v0xc689657c0_0, v0xc689652c0_0, C4<0>, C4<0>;
L_0xc69151e30 .functor OR 1, L_0xc69151dc0, L_0xc68934150, C4<0>, C4<0>;
L_0xc69151ea0 .functor AND 1, L_0xc689341c0, L_0xc69151e30, C4<1>, C4<1>;
L_0xc69151f10 .functor OR 1, L_0xc69151d50, L_0xc69151ea0, C4<0>, C4<0>;
L_0xc69151f80 .functor NOT 1, L_0xc69151f10, C4<0>, C4<0>, C4<0>;
L_0xc69151ff0 .functor NOT 1, L_0xc69151960, C4<0>, C4<0>, C4<0>;
L_0xc689342a0 .functor BUFZ 1, L_0xc69151c70, C4<0>, C4<0>, C4<0>;
L_0xc69152060 .functor NOT 1, L_0xc69151f80, C4<0>, C4<0>, C4<0>;
L_0xc68934310 .functor BUFZ 1, L_0xc69151650, C4<0>, C4<0>, C4<0>;
L_0xc691520d0 .functor OR 1, L_0xc68929b80, L_0xc689290e0, C4<0>, C4<0>;
L_0xc69152140 .functor AND 1, L_0xc68929ae0, L_0xc691520d0, C4<1>, C4<1>;
L_0xc691521b0 .functor OR 1, L_0xc69152140, v0xc689633e0_0, C4<0>, C4<0>;
L_0xc69152220 .functor NOT 1, L_0xc691521b0, C4<0>, C4<0>, C4<0>;
L_0xc68c784d8 .functor BUFT 1, C4<0>, C4<0>, C4<0>, C4<0>;
L_0xc69152290 .functor NOT 1, L_0xc68c784d8, C4<0>, C4<0>, C4<0>;
L_0xc69152300 .functor OR 1, L_0xc69152290, L_0xc69152220, C4<0>, C4<0>;
L_0xc69152370 .functor NOT 1, L_0xc69152300, C4<0>, C4<0>, C4<0>;
L_0xc691523e0 .functor AND 1, L_0xc68c784d8, L_0xc69152220, C4<1>, C4<1>;
L_0xc68c785f8 .functor BUFT 1, C4<0>, C4<0>, C4<0>, C4<0>;
L_0xc69152450 .functor OR 1, L_0xc691523e0, L_0xc68c785f8, C4<0>, C4<0>;
L_0xc691524c0 .functor NOT 1, L_0xc69152450, C4<0>, C4<0>, C4<0>;
L_0xc68c785b0 .functor BUFT 1, C4<0>, C4<0>, C4<0>, C4<0>;
L_0xc69152530 .functor AND 1, L_0xc68c785b0, L_0xc6896ac60, C4<1>, C4<1>;
L_0xc691525a0 .functor AND 1, L_0xc68c785b0, L_0xc6896ad00, C4<1>, C4<1>;
L_0xc69152610 .functor AND 1, L_0xc68c785b0, L_0xc6896ada0, C4<1>, C4<1>;
L_0xc69152680 .functor AND 1, L_0xc68c785b0, L_0xc6896ae40, C4<1>, C4<1>;
L_0xc691526f0 .functor AND 1, L_0xc68c785b0, L_0xc6896aee0, C4<1>, C4<1>;
L_0xc69152760 .functor NOT 1, L_0xc691524c0, C4<0>, C4<0>, C4<0>;
L_0xc691527d0 .functor OR 1, L_0xc691526f0, L_0xc69152760, C4<0>, C4<0>;
L_0xc69152840 .functor OR 1, L_0xc69152530, L_0xc691525a0, C4<0>, C4<0>;
L_0xc691528b0 .functor OR 1, L_0xc69152840, L_0xc69152610, C4<0>, C4<0>;
L_0xc69152920 .functor OR 1, L_0xc691528b0, L_0xc69152680, C4<0>, C4<0>;
L_0xc69152990 .functor OR 1, L_0xc69152920, L_0xc691527d0, C4<0>, C4<0>;
L_0xc69152a00 .functor OR 1, L_0xc69152990, L_0xc69152370, C4<0>, C4<0>;
L_0xc69152a70 .functor NOT 1, L_0xc69152a00, C4<0>, C4<0>, C4<0>;
L_0xc69152ae0 .functor OR 1, L_0xc691525a0, L_0xc69152610, C4<0>, C4<0>;
L_0xc69152b50 .functor OR 1, L_0xc69152ae0, L_0xc69152680, C4<0>, C4<0>;
L_0xc69152bc0 .functor OR 1, L_0xc69152b50, L_0xc691527d0, C4<0>, C4<0>;
L_0xc68c78640 .functor BUFT 1, C4<0>, C4<0>, C4<0>, C4<0>;
L_0xc69152c30 .functor OR 1, L_0xc69152bc0, L_0xc68c78640, C4<0>, C4<0>;
L_0xc69152ca0 .functor NOT 1, L_0xc69152c30, C4<0>, C4<0>, C4<0>;
L_0xc69152d10 .functor OR 1, L_0xc69152530, L_0xc69152680, C4<0>, C4<0>;
L_0xc69152d80 .functor OR 1, L_0xc69152d10, L_0xc691527d0, C4<0>, C4<0>;
L_0xc69152df0 .functor OR 1, L_0xc69152d80, L_0xc68c78640, C4<0>, C4<0>;
L_0xc69152e60 .functor NOT 1, L_0xc69152df0, C4<0>, C4<0>, C4<0>;
L_0xc69152ed0 .functor OR 1, L_0xc69152530, L_0xc69152610, C4<0>, C4<0>;
L_0xc69152f40 .functor OR 1, L_0xc69152ed0, L_0xc691527d0, C4<0>, C4<0>;
L_0xc69152fb0 .functor OR 1, L_0xc69152f40, L_0xc69152370, C4<0>, C4<0>;
L_0xc69153020 .functor NOT 1, L_0xc69152fb0, C4<0>, C4<0>, C4<0>;
L_0xc68934380 .functor BUFZ 4, v0xc68963840_0, C4<0000>, C4<0000>, C4<0000>;
L_0xc69153090 .functor NOT 1, L_0xc68929860, C4<0>, C4<0>, C4<0>;
L_0xc69153100 .functor NOT 1, L_0xc68929720, C4<0>, C4<0>, C4<0>;
L_0xc69153170 .functor NOT 1, L_0xc689295e0, C4<0>, C4<0>, C4<0>;
L_0xc68c787a8 .functor BUFT 1, C4<1>, C4<0>, C4<0>, C4<0>;
L_0xc691531e0 .functor OR 1, L_0xc68c787a8, v0xc68964be0_0, C4<0>, C4<0>;
L_0xc69153250 .functor NOT 1, L_0xc691531e0, C4<0>, C4<0>, C4<0>;
L_0xc691532c0 .functor OR 1, L_0xc68c787a8, v0xc68964c80_0, C4<0>, C4<0>;
L_0xc69153330 .functor NOT 1, L_0xc691532c0, C4<0>, C4<0>, C4<0>;
L_0xc691533a0 .functor OR 1, L_0xc68c787a8, v0xc68964d20_0, C4<0>, C4<0>;
L_0xc69153410 .functor NOT 1, L_0xc691533a0, C4<0>, C4<0>, C4<0>;
L_0xc69153480 .functor NOT 1, v0xc68964be0_0, C4<0>, C4<0>, C4<0>;
L_0xc691534f0 .functor OR 1, L_0xc68c787a8, L_0xc69153480, C4<0>, C4<0>;
L_0xc69153560 .functor NOT 1, v0xc68964c80_0, C4<0>, C4<0>, C4<0>;
L_0xc691535d0 .functor OR 1, L_0xc691534f0, L_0xc69153560, C4<0>, C4<0>;
L_0xc69153640 .functor NOT 1, v0xc68964d20_0, C4<0>, C4<0>, C4<0>;
L_0xc691536b0 .functor OR 1, L_0xc691535d0, L_0xc69153640, C4<0>, C4<0>;
L_0xc69153720 .functor NOT 1, L_0xc691536b0, C4<0>, C4<0>, C4<0>;
L_0xc69153790 .functor OR 1, L_0xc68c787a8, v0xc6896a940_0, C4<0>, C4<0>;
L_0xc69153800 .functor NOT 1, L_0xc69153790, C4<0>, C4<0>, C4<0>;
v0xc6895dcc0_0 .net *"_ivl_0", 0 0, L_0x100c28ee0;  1 drivers
v0xc6895dd60_0 .net *"_ivl_10", 0 0, L_0x100c2a910;  1 drivers
v0xc6895de00_0 .net *"_ivl_102", 0 0, L_0xc69150fc0;  1 drivers
v0xc6895dea0_0 .net *"_ivl_104", 0 0, L_0xc69151030;  1 drivers
v0xc6895df40_0 .net *"_ivl_106", 0 0, L_0xc69102b20;  1 drivers
v0xc6895dfe0_0 .net *"_ivl_112", 0 0, L_0xc69151110;  1 drivers
v0xc6895e080_0 .net *"_ivl_114", 0 0, L_0xc69151180;  1 drivers
v0xc6895e120_0 .net *"_ivl_116", 0 0, L_0xc69103020;  1 drivers
v0xc6895e1c0_0 .net *"_ivl_122", 0 0, L_0xc69151260;  1 drivers
v0xc6895e260_0 .net *"_ivl_124", 0 0, L_0xc691512d0;  1 drivers
v0xc6895e300_0 .net *"_ivl_126", 0 0, L_0xc69102ee0;  1 drivers
v0xc6895e3a0_0 .net *"_ivl_132", 0 0, L_0xc691513b0;  1 drivers
v0xc6895e440_0 .net *"_ivl_134", 0 0, L_0xc69151420;  1 drivers
v0xc6895e4e0_0 .net *"_ivl_136", 0 0, L_0xc69151490;  1 drivers
v0xc6895e580_0 .net *"_ivl_138", 0 0, L_0xc69151500;  1 drivers
v0xc6895e620_0 .net *"_ivl_14", 0 0, L_0x100c2b370;  1 drivers
v0xc6895e6c0_0 .net *"_ivl_140", 0 0, L_0xc69151570;  1 drivers
v0xc6895e760_0 .net *"_ivl_142", 0 0, L_0xc691515e0;  1 drivers
v0xc6895e800_0 .net *"_ivl_146", 0 0, L_0xc691516c0;  1 drivers
v0xc6895e8a0_0 .net *"_ivl_148", 0 0, L_0xc69151730;  1 drivers
v0xc6895e940_0 .net *"_ivl_150", 0 0, L_0xc691517a0;  1 drivers
v0xc6895e9e0_0 .net *"_ivl_152", 0 0, L_0xc69151810;  1 drivers
v0xc6895ea80_0 .net *"_ivl_154", 0 0, L_0xc69151880;  1 drivers
v0xc6895eb20_0 .net *"_ivl_156", 0 0, L_0xc691518f0;  1 drivers
v0xc6895ebc0_0 .net *"_ivl_16", 0 0, L_0x100c22ee0;  1 drivers
v0xc6895ec60_0 .net *"_ivl_160", 0 0, L_0xc691519d0;  1 drivers
v0xc6895ed00_0 .net *"_ivl_162", 0 0, L_0xc69151a40;  1 drivers
v0xc6895eda0_0 .net *"_ivl_164", 0 0, L_0xc69151ab0;  1 drivers
v0xc6895ee40_0 .net *"_ivl_166", 0 0, L_0xc69151b20;  1 drivers
v0xc6895eee0_0 .net *"_ivl_168", 0 0, L_0xc69151b90;  1 drivers
v0xc6895ef80_0 .net *"_ivl_170", 0 0, L_0xc69151c00;  1 drivers
v0xc6895f020_0 .net *"_ivl_174", 0 0, L_0xc69151ce0;  1 drivers
v0xc6895f0c0_0 .net *"_ivl_176", 0 0, L_0xc69151d50;  1 drivers
v0xc6895f160_0 .net *"_ivl_178", 0 0, L_0xc69151dc0;  1 drivers
v0xc6895f200_0 .net *"_ivl_180", 0 0, L_0xc69151e30;  1 drivers
v0xc6895f2a0_0 .net *"_ivl_182", 0 0, L_0xc69151ea0;  1 drivers
v0xc6895f340_0 .net *"_ivl_184", 0 0, L_0xc69151f10;  1 drivers
v0xc6895f3e0_0 .net *"_ivl_197", 0 0, L_0xc68929ae0;  1 drivers
v0xc6895f480_0 .net *"_ivl_199", 0 0, L_0xc68929b80;  1 drivers
v0xc6895f520_0 .net *"_ivl_20", 0 0, L_0x100c341e0;  1 drivers
v0xc6895f5c0_0 .net *"_ivl_201", 0 0, L_0xc689290e0;  1 drivers
v0xc6895f660_0 .net *"_ivl_202", 0 0, L_0xc691520d0;  1 drivers
v0xc6895f700_0 .net *"_ivl_204", 0 0, L_0xc69152140;  1 drivers
v0xc6895f7a0_0 .net *"_ivl_206", 0 0, L_0xc691521b0;  1 drivers
v0xc6895f840_0 .net *"_ivl_210", 0 0, L_0xc69152290;  1 drivers
v0xc6895f8e0_0 .net *"_ivl_212", 0 0, L_0xc69152300;  1 drivers
v0xc6895f980_0 .net *"_ivl_22", 0 0, L_0x100c34250;  1 drivers
v0xc6895fa20_0 .net *"_ivl_222", 0 0, L_0xc691523e0;  1 drivers
v0xc6895fac0_0 .net *"_ivl_224", 0 0, L_0xc69152450;  1 drivers
L_0xc68c78010 .functor BUFT 1, C4<1000>, C4<0>, C4<0>, C4<0>;
v0xc6895fb60_0 .net/2u *"_ivl_228", 3 0, L_0xc68c78010;  1 drivers
v0xc6895fc00_0 .net *"_ivl_230", 0 0, L_0xc6896ac60;  1 drivers
L_0xc68c78058 .functor BUFT 1, C4<0100>, C4<0>, C4<0>, C4<0>;
v0xc6895fca0_0 .net/2u *"_ivl_234", 3 0, L_0xc68c78058;  1 drivers
v0xc6895fd40_0 .net *"_ivl_236", 0 0, L_0xc6896ad00;  1 drivers
L_0xc68c780a0 .functor BUFT 1, C4<0010>, C4<0>, C4<0>, C4<0>;
v0xc6895fde0_0 .net/2u *"_ivl_240", 3 0, L_0xc68c780a0;  1 drivers
v0xc6895fe80_0 .net *"_ivl_242", 0 0, L_0xc6896ada0;  1 drivers
L_0xc68c780e8 .functor BUFT 1, C4<0001>, C4<0>, C4<0>, C4<0>;
v0xc6895ff20_0 .net/2u *"_ivl_246", 3 0, L_0xc68c780e8;  1 drivers
v0xc68960000_0 .net *"_ivl_248", 0 0, L_0xc6896ae40;  1 drivers
L_0xc68c78130 .functor BUFT 1, C4<0000>, C4<0>, C4<0>, C4<0>;
v0xc689600a0_0 .net/2u *"_ivl_252", 3 0, L_0xc68c78130;  1 drivers
v0xc68960140_0 .net *"_ivl_254", 0 0, L_0xc6896aee0;  1 drivers
v0xc689601e0_0 .net *"_ivl_256", 0 0, L_0xc691526f0;  1 drivers
v0xc68960280_0 .net *"_ivl_258", 0 0, L_0xc69152760;  1 drivers
v0xc68960320_0 .net *"_ivl_26", 0 0, L_0xc69150000;  1 drivers
v0xc689603c0_0 .net *"_ivl_262", 0 0, L_0xc69152840;  1 drivers
v0xc68960460_0 .net *"_ivl_264", 0 0, L_0xc691528b0;  1 drivers
v0xc68960500_0 .net *"_ivl_266", 0 0, L_0xc69152920;  1 drivers
v0xc689605a0_0 .net *"_ivl_268", 0 0, L_0xc69152990;  1 drivers
v0xc68960640_0 .net *"_ivl_270", 0 0, L_0xc69152a00;  1 drivers
v0xc689606e0_0 .net *"_ivl_274", 0 0, L_0xc69152ae0;  1 drivers
v0xc68960780_0 .net *"_ivl_276", 0 0, L_0xc69152b50;  1 drivers
v0xc68960820_0 .net *"_ivl_278", 0 0, L_0xc69152bc0;  1 drivers
v0xc689608c0_0 .net *"_ivl_28", 0 0, L_0xc69150070;  1 drivers
v0xc68960960_0 .net *"_ivl_280", 0 0, L_0xc69152c30;  1 drivers
v0xc68960a00_0 .net *"_ivl_284", 0 0, L_0xc69152d10;  1 drivers
v0xc68960aa0_0 .net *"_ivl_286", 0 0, L_0xc69152d80;  1 drivers
v0xc68960b40_0 .net *"_ivl_288", 0 0, L_0xc69152df0;  1 drivers
v0xc68960be0_0 .net *"_ivl_292", 0 0, L_0xc69152ed0;  1 drivers
v0xc68960c80_0 .net *"_ivl_294", 0 0, L_0xc69152f40;  1 drivers
v0xc68960d20_0 .net *"_ivl_296", 0 0, L_0xc69152fb0;  1 drivers
v0xc68960dc0_0 .net *"_ivl_30", 0 0, L_0xc691500e0;  1 drivers
v0xc68960e60_0 .net *"_ivl_303", 0 0, L_0xc68929860;  1 drivers
v0xc68960f00_0 .net *"_ivl_307", 0 0, L_0xc68929720;  1 drivers
v0xc68960fa0_0 .net *"_ivl_311", 0 0, L_0xc689295e0;  1 drivers
v0xc68961040_0 .net *"_ivl_314", 0 0, L_0xc691531e0;  1 drivers
v0xc689610e0_0 .net *"_ivl_318", 0 0, L_0xc691532c0;  1 drivers
v0xc68961180_0 .net *"_ivl_32", 0 0, L_0xc69150150;  1 drivers
v0xc68961220_0 .net *"_ivl_322", 0 0, L_0xc691533a0;  1 drivers
v0xc689612c0_0 .net *"_ivl_326", 0 0, L_0xc69153480;  1 drivers
v0xc68961360_0 .net *"_ivl_328", 0 0, L_0xc691534f0;  1 drivers
v0xc68961400_0 .net *"_ivl_330", 0 0, L_0xc69153560;  1 drivers
v0xc689614a0_0 .net *"_ivl_332", 0 0, L_0xc691535d0;  1 drivers
v0xc68961540_0 .net *"_ivl_334", 0 0, L_0xc69153640;  1 drivers
v0xc689615e0_0 .net *"_ivl_336", 0 0, L_0xc691536b0;  1 drivers
v0xc68961680_0 .net *"_ivl_34", 0 0, L_0xc691501c0;  1 drivers
v0xc68961720_0 .net *"_ivl_340", 0 0, L_0xc69153790;  1 drivers
v0xc689617c0_0 .net *"_ivl_38", 0 0, L_0xc691502a0;  1 drivers
v0xc68961860_0 .net *"_ivl_4", 0 0, L_0x100c29980;  1 drivers
v0xc68961900_0 .net *"_ivl_40", 0 0, L_0xc69150310;  1 drivers
v0xc689619a0_0 .net *"_ivl_42", 0 0, L_0xc69150380;  1 drivers
v0xc68961a40_0 .net *"_ivl_44", 0 0, L_0xc691503f0;  1 drivers
v0xc68961ae0_0 .net *"_ivl_46", 0 0, L_0xc69150460;  1 drivers
v0xc68961b80_0 .net *"_ivl_50", 0 0, L_0xc69150540;  1 drivers
v0xc68961c20_0 .net *"_ivl_54", 0 0, L_0xc69150620;  1 drivers
v0xc68961cc0_0 .net *"_ivl_58", 0 0, L_0xc69150700;  1 drivers
v0xc68961d60_0 .net *"_ivl_6", 0 0, L_0x100c29eb0;  1 drivers
v0xc68961e00_0 .net *"_ivl_60", 0 0, L_0xc69150770;  1 drivers
v0xc68961ea0_0 .net *"_ivl_64", 0 0, L_0xc69150850;  1 drivers
v0xc68961f40_0 .net *"_ivl_66", 0 0, L_0xc691508c0;  1 drivers
v0xc68961fe0_0 .net *"_ivl_70", 0 0, L_0xc691509a0;  1 drivers
v0xc68962080_0 .net *"_ivl_72", 0 0, L_0xc69150a10;  1 drivers
v0xc68962120_0 .net *"_ivl_76", 0 0, L_0xc69150af0;  1 drivers
v0xc689621c0_0 .net *"_ivl_80", 0 0, L_0xc69150bd0;  1 drivers
v0xc68962260_0 .net *"_ivl_84", 0 0, L_0xc69150cb0;  1 drivers
v0xc68962300_0 .net *"_ivl_88", 0 0, L_0xc69150d90;  1 drivers
v0xc689623a0_0 .net *"_ivl_92", 0 0, L_0xc69150e70;  1 drivers
v0xc68962440_0 .net *"_ivl_94", 0 0, L_0xc69150ee0;  1 drivers
v0xc689624e0_0 .net *"_ivl_96", 0 0, L_0xc69102760;  1 drivers
v0xc68962580_0 .net "a12", 0 0, v0xc68969d60_0;  1 drivers
v0xc68962620_0 .net "acb_ib", 0 0, L_0xc69150230;  1 drivers
v0xc689626c0_0 .var "acc", 3 0;
v0xc68962760_0 .net "acc_0", 0 0, L_0xc689294a0;  alias, 1 drivers
v0xc68962800_0 .net "acc_ada", 0 0, L_0xc69150b60;  1 drivers
v0xc689628a0_0 .net "acc_adac", 0 0, L_0xc69150a80;  1 drivers
v0xc68962940_0 .net "acc_in", 3 0, L_0xc688a45a0;  1 drivers
v0xc689629e0_0 .var "acc_out", 3 0;
v0xc68962a80_0 .net "adc_cy", 0 0, L_0xc691505b0;  1 drivers
v0xc68962b20_0 .net "add_0", 0 0, L_0xc689299a0;  alias, 1 drivers
v0xc68962bc0_0 .net "add_acc", 0 0, L_0xc69150690;  1 drivers
v0xc68962c60_0 .net "add_group_4", 0 0, L_0xc68c78298;  1 drivers
v0xc68962d00_0 .net "add_ib", 0 0, L_0x100c22f50;  1 drivers
v0xc68962da0_0 .net "adsl", 0 0, L_0xc69150930;  1 drivers
v0xc68962e40_0 .net "adsr", 0 0, L_0xc691507e0;  1 drivers
v0xc68962ee0_0 .net "cma", 0 0, L_0xc68c78178;  1 drivers
v0xc68962f80_0 .net "cmram0", 0 0, L_0xc69153720;  alias, 1 drivers
v0xc68963020_0 .net "cmram1", 0 0, L_0xc69153410;  alias, 1 drivers
v0xc689630c0_0 .net "cmram2", 0 0, L_0xc69153330;  alias, 1 drivers
v0xc68963160_0 .net "cmram3", 0 0, L_0xc69153250;  alias, 1 drivers
v0xc68963200_0 .net "cmrom", 0 0, L_0xc69153800;  alias, 1 drivers
v0xc689632a0_0 .net "com_n", 0 0, L_0xc68c787a8;  1 drivers
v0xc68963340_0 .var "cy", 0 0;
v0xc689633e0_0 .var "cy_1", 0 0;
v0xc68963480_0 .net "cy_ada", 0 0, L_0xc69150c40;  1 drivers
v0xc68963520_0 .net "cy_adac", 0 0, L_0xc69150d20;  1 drivers
v0xc689635c0_0 .net "cy_ib", 0 0, L_0x100c342c0;  1 drivers
v0xc68963660_0 .net "daa", 0 0, L_0xc68c784d8;  1 drivers
v0xc68963700_0 .net "data", 3 0, L_0xc68934380;  alias, 1 drivers
v0xc689637a0_0 .net "dcl", 0 0, L_0xc68c78520;  1 drivers
v0xc68963840_0 .var "dout", 3 0;
v0xc689638e0_0 .net "inc_group_5", 0 0, L_0xc68c782e0;  1 drivers
v0xc68963980_0 .net "inc_isz", 0 0, L_0xc68c78568;  1 drivers
v0xc68963a20_0 .net "ior", 0 0, L_0xc68c78370;  1 drivers
v0xc68963ac0_0 .net "iow", 0 0, L_0xc68c783b8;  1 drivers
v0xc68963b60_0 .net "kbp", 0 0, L_0xc68c785b0;  1 drivers
v0xc68963c00_0 .net "m12", 0 0, v0xc6896a8a0_0;  1 drivers
v0xc68963ca0_0 .net "n0342", 0 0, L_0xc68c786d0;  1 drivers
v0xc68963d40_0 .net "n0345", 0 0, L_0xc69152530;  1 drivers
v0xc68963de0_0 .net "n0351", 0 0, L_0x100c2a3e0;  1 drivers
v0xc68963e80_0 .net "n0354", 0 0, L_0xc691525a0;  1 drivers
v0xc68963f20_0 .net "n0355", 0 0, L_0xc69153090;  1 drivers
v0xc68964000_0 .net "n0357", 0 0, L_0xc69153020;  1 drivers
v0xc689640a0_0 .net "n0358", 0 0, L_0xc69152a70;  1 drivers
v0xc68964140_0 .net "n0359", 0 0, L_0xc69152e60;  1 drivers
v0xc689641e0_0 .net "n0363", 0 0, L_0xc69152610;  1 drivers
v0xc68964280_0 .net "n0364", 0 0, L_0xc69153100;  1 drivers
v0xc68964320_0 .net "n0366", 0 0, L_0xc69152ca0;  1 drivers
v0xc689643c0_0 .net "n0370", 0 0, L_0xc69152680;  1 drivers
v0xc68964460_0 .net "n0371", 0 0, L_0xc69153170;  1 drivers
v0xc68964500_0 .net "n0377", 0 0, L_0xc691527d0;  1 drivers
v0xc689645a0_0 .net "n0378", 0 0, L_0xc691524c0;  1 drivers
v0xc68964640_0 .net "n0403", 0 0, L_0xc69152370;  1 drivers
v0xc689646e0_0 .net "n0415", 0 0, L_0x100c2ae40;  1 drivers
v0xc68964780_0 .net "n0477", 0 0, L_0xc691504d0;  1 drivers
v0xc68964820_0 .net "n0514", 0 0, L_0xc68934310;  1 drivers
v0xc689648c0_0 .net "n0546", 0 0, L_0xc69150e00;  1 drivers
v0xc68964960_0 .var "n0550", 0 0;
v0xc68964a00_0 .net "n0553", 0 0, L_0xc689340e0;  1 drivers
v0xc68964aa0_0 .net "n0556", 0 0, L_0xc68934150;  1 drivers
v0xc68964b40_0 .net "n0559", 0 0, L_0xc689341c0;  1 drivers
v0xc68964be0_0 .var "n0749", 0 0;
v0xc68964c80_0 .var "n0750", 0 0;
v0xc68964d20_0 .var "n0751", 0 0;
v0xc68964dc0_0 .net "n0803", 0 0, L_0xc69152220;  1 drivers
v0xc68964e60_0 .net "n0846", 0 0, L_0xc69151ff0;  1 drivers
v0xc68964f00_0 .net "n0847", 0 0, L_0xc689342a0;  1 drivers
v0xc68964fa0_0 .net "n0848", 0 0, L_0xc69152060;  1 drivers
v0xc68965040_0 .net "n0854", 0 0, L_0x100c29450;  1 drivers
v0xc689650e0_0 .net "n0861", 0 0, L_0xc68934230;  1 drivers
v0xc68965180_0 .var "n0870", 0 0;
v0xc68965220_0 .var "n0871", 0 0;
v0xc689652c0_0 .var "n0872", 0 0;
v0xc68965360_0 .var "n0873", 0 0;
v0xc68965400_0 .net "n0875", 0 0, L_0xc69151c70;  1 drivers
v0xc689654a0_0 .net "n0877", 0 0, L_0xc69151650;  1 drivers
v0xc68965540_0 .net "n0878", 0 0, L_0xc69151960;  1 drivers
v0xc689655e0_0 .net "n0879", 0 0, L_0xc69151f80;  1 drivers
v0xc68965680_0 .var "n0887", 0 0;
v0xc68965720_0 .var "n0889", 0 0;
v0xc689657c0_0 .var "n0891", 0 0;
v0xc68965860_0 .var "n0893", 0 0;
v0xc68965900_0 .net "n0911", 0 0, L_0xc69150f50;  1 drivers
v0xc689659a0_0 .net "n0912", 0 0, L_0xc691510a0;  1 drivers
v0xc68965a40_0 .net "n0913", 0 0, L_0xc691511f0;  1 drivers
v0xc68965ae0_0 .net "n0914", 0 0, L_0xc69151340;  1 drivers
v0xc68965b80_0 .net "o_ib", 0 0, L_0xc68c785f8;  1 drivers
v0xc68965c20_0 .net "ope_n", 0 0, L_0xc68c78490;  1 drivers
v0xc68965cc0_0 .net "poc", 0 0, v0xc6896a940_0;  1 drivers
v0xc68965d60_0 .net "ral", 0 0, L_0xc68c78400;  1 drivers
v0xc68965e00_0 .net "rar", 0 0, L_0xc68c78448;  1 drivers
v0xc68965ea0_0 .net "read_acc_3", 0 0, L_0xc68c78250;  1 drivers
v0xc68965f40_0 .net "sub_group_6", 0 0, L_0xc68c78328;  1 drivers
v0xc68965fe0_0 .net "sysclk", 0 0, v0xc6896ab20_0;  1 drivers
v0xc68966080_0 .net "tcs", 0 0, L_0xc68c78640;  1 drivers
v0xc68966120_0 .var "tmp", 3 0;
v0xc689661c0_0 .net "write_acc_1", 0 0, L_0xc68c781c0;  1 drivers
v0xc68966260_0 .net "write_carry_2", 0 0, L_0xc68c78208;  1 drivers
v0xc68966300_0 .net "x12", 0 0, v0xc6896abc0_0;  1 drivers
v0xc689663a0_0 .net "x21_clk2", 0 0, L_0xc68c78718;  1 drivers
v0xc68966440_0 .net "x31_clk2", 0 0, L_0xc68c78760;  1 drivers
v0xc689664e0_0 .net "xch", 0 0, L_0xc68c78688;  1 drivers
E_0xc69119000 .event posedge, v0xc68965fe0_0;
E_0xc69119040/0 .event anyedge, v0xc68962620_0, v0xc689629e0_0, v0xc68962d00_0, v0xc68962940_0;
E_0xc69119040/1 .event anyedge, v0xc689635c0_0, v0xc689633e0_0, v0xc689646e0_0, v0xc689640a0_0;
E_0xc69119040/2 .event anyedge, v0xc68964320_0, v0xc68964140_0, v0xc68964000_0;
E_0xc69119040 .event/or E_0xc69119040/0, E_0xc69119040/1, E_0xc69119040/2;
L_0xc69102760 .functor MUXZ 1, L_0xc69150ee0, L_0xc69150e70, v0xc68964960_0, C4<>;
L_0xc69102b20 .functor MUXZ 1, L_0xc69151030, L_0xc69150fc0, L_0xc689340e0, C4<>;
L_0xc69103020 .functor MUXZ 1, L_0xc69151180, L_0xc69151110, L_0xc68934150, C4<>;
L_0xc69102ee0 .functor MUXZ 1, L_0xc691512d0, L_0xc69151260, L_0xc689341c0, C4<>;
L_0xc68929ae0 .part v0xc689629e0_0, 3, 1;
L_0xc68929b80 .part v0xc689629e0_0, 2, 1;
L_0xc689290e0 .part v0xc689629e0_0, 1, 1;
L_0xc688a45a0 .concat [ 1 1 1 1], L_0xc69151ff0, L_0xc689342a0, L_0xc69152060, L_0xc68934310;
L_0xc689294a0 .reduce/nor v0xc689629e0_0;
L_0xc689299a0 .reduce/nor L_0xc688a45a0;
L_0xc6896ac60 .cmp/eq 4, v0xc689629e0_0, L_0xc68c78010;
L_0xc6896ad00 .cmp/eq 4, v0xc689629e0_0, L_0xc68c78058;
L_0xc6896ada0 .cmp/eq 4, v0xc689629e0_0, L_0xc68c780a0;
L_0xc6896ae40 .cmp/eq 4, v0xc689629e0_0, L_0xc68c780e8;
L_0xc6896aee0 .cmp/eq 4, v0xc689629e0_0, L_0xc68c78130;
L_0xc68929860 .part v0xc689629e0_0, 2, 1;
L_0xc68929720 .part v0xc689629e0_0, 1, 1;
L_0xc689295e0 .part v0xc689629e0_0, 0, 1;
S_0xc6913eb80 .scope module, "u_bind_acc0" "bind_alu_acc_0" 65 60, 67 3 0, S_0xc6893d080;
 .timescale -9 -12;
    .port_info 0 /INPUT 1 "clk";
    .port_info 1 /INPUT 1 "rst_n";
    .port_info 2 /INPUT 8 "din";
    .port_info 3 /OUTPUT 8 "dout";
P_0xc68945900 .param/l "WIDTH" 0 67 3, +C4<00000000000000000000000000001000>;
v0xc68966940_0 .net "clk", 0 0, v0xc6896ab20_0;  alias, 1 drivers
v0xc689669e0_0 .net "din", 7 0, L_0xc688a4820;  1 drivers
v0xc68966a80_0 .net "dout", 7 0, v0xc68966760_0;  alias, 1 drivers
v0xc68966b20_0 .net "rst_n", 0 0, v0xc6896a9e0_0;  1 drivers
S_0xc6913ed00 .scope module, "u_lut" "lut_block" 67 10, 4 2 0, S_0xc6913eb80;
 .timescale -9 -12;
    .port_info 0 /INPUT 1 "clk";
    .port_info 1 /INPUT 1 "rst_n";
    .port_info 2 /INPUT 8 "din";
    .port_info 3 /OUTPUT 8 "dout";
P_0xc6909bf00 .param/l "DEPTH" 0 4 4, +C4<00000000000000000000000100000000>;
P_0xc6909bf40 .param/l "WIDTH" 0 4 3, +C4<00000000000000000000000000001000>;
v0xc68966620_0 .net "clk", 0 0, v0xc6896ab20_0;  alias, 1 drivers
v0xc689666c0_0 .net "din", 7 0, L_0xc688a4820;  alias, 1 drivers
v0xc68966760_0 .var "dout", 7 0;
v0xc68966800 .array "rom", 255 0, 7 0;
v0xc689668a0_0 .net "rst_n", 0 0, v0xc6896a9e0_0;  alias, 1 drivers
E_0xc69119080/0 .event negedge, v0xc689668a0_0;
E_0xc69119080/1 .event posedge, v0xc68965fe0_0;
E_0xc69119080 .event/or E_0xc69119080/0, E_0xc69119080/1;
S_0xc6913ee80 .scope begin, "INIT_ROM" "INIT_ROM" 4 15, 4 15 0, S_0xc6913ed00;
 .timescale -9 -12;
v0xc68966580_0 .var/2s "i", 31 0;
S_0xc6913f000 .scope module, "u_bind_add0" "bind_alu_add_0" 65 56, 68 3 0, S_0xc6893d080;
 .timescale -9 -12;
    .port_info 0 /INPUT 1 "clk";
    .port_info 1 /INPUT 1 "rst_n";
    .port_info 2 /INPUT 8 "din";
    .port_info 3 /OUTPUT 8 "dout";
P_0xc68945a00 .param/l "WIDTH" 0 68 3, +C4<00000000000000000000000000001000>;
v0xc68966f80_0 .net "clk", 0 0, v0xc6896ab20_0;  alias, 1 drivers
v0xc68967020_0 .net "din", 7 0, L_0xc688a4780;  1 drivers
v0xc689670c0_0 .net "dout", 7 0, v0xc68966da0_0;  alias, 1 drivers
v0xc68967160_0 .net "rst_n", 0 0, v0xc6896a9e0_0;  alias, 1 drivers
S_0xc6913f180 .scope module, "u_lut" "lut_block" 68 10, 4 2 0, S_0xc6913f000;
 .timescale -9 -12;
    .port_info 0 /INPUT 1 "clk";
    .port_info 1 /INPUT 1 "rst_n";
    .port_info 2 /INPUT 8 "din";
    .port_info 3 /OUTPUT 8 "dout";
P_0xc6909bf80 .param/l "DEPTH" 0 4 4, +C4<00000000000000000000000100000000>;
P_0xc6909bfc0 .param/l "WIDTH" 0 4 3, +C4<00000000000000000000000000001000>;
v0xc68966c60_0 .net "clk", 0 0, v0xc6896ab20_0;  alias, 1 drivers
v0xc68966d00_0 .net "din", 7 0, L_0xc688a4780;  alias, 1 drivers
v0xc68966da0_0 .var "dout", 7 0;
v0xc68966e40 .array "rom", 255 0, 7 0;
v0xc68966ee0_0 .net "rst_n", 0 0, v0xc6896a9e0_0;  alias, 1 drivers
S_0xc6913f300 .scope begin, "INIT_ROM" "INIT_ROM" 4 15, 4 15 0, S_0xc6913f180;
 .timescale -9 -12;
v0xc68966bc0_0 .var/2s "i", 31 0;
S_0xc6913f480 .scope module, "u_bind_cmram0" "bind_alu_cmram0" 65 67, 69 3 0, S_0xc6893d080;
 .timescale -9 -12;
    .port_info 0 /INPUT 1 "clk";
    .port_info 1 /INPUT 1 "rst_n";
    .port_info 2 /INPUT 8 "din";
    .port_info 3 /OUTPUT 8 "dout";
P_0xc68945b00 .param/l "WIDTH" 0 69 3, +C4<00000000000000000000000000001000>;
v0xc689675c0_0 .net "clk", 0 0, v0xc6896ab20_0;  alias, 1 drivers
v0xc68967660_0 .net "din", 7 0, L_0xc688a4960;  1 drivers
v0xc68967700_0 .net "dout", 7 0, v0xc689673e0_0;  alias, 1 drivers
v0xc689677a0_0 .net "rst_n", 0 0, v0xc6896a9e0_0;  alias, 1 drivers
S_0xc6913f600 .scope module, "u_lut" "lut_block" 69 10, 4 2 0, S_0xc6913f480;
 .timescale -9 -12;
    .port_info 0 /INPUT 1 "clk";
    .port_info 1 /INPUT 1 "rst_n";
    .port_info 2 /INPUT 8 "din";
    .port_info 3 /OUTPUT 8 "dout";
P_0xc69144000 .param/l "DEPTH" 0 4 4, +C4<00000000000000000000000100000000>;
P_0xc69144040 .param/l "WIDTH" 0 4 3, +C4<00000000000000000000000000001000>;
v0xc689672a0_0 .net "clk", 0 0, v0xc6896ab20_0;  alias, 1 drivers
v0xc68967340_0 .net "din", 7 0, L_0xc688a4960;  alias, 1 drivers
v0xc689673e0_0 .var "dout", 7 0;
v0xc68967480 .array "rom", 255 0, 7 0;
v0xc68967520_0 .net "rst_n", 0 0, v0xc6896a9e0_0;  alias, 1 drivers
S_0xc6913f780 .scope begin, "INIT_ROM" "INIT_ROM" 4 15, 4 15 0, S_0xc6913f600;
 .timescale -9 -12;
v0xc68967200_0 .var/2s "i", 31 0;
S_0xc6913f900 .scope module, "u_bind_cmram1" "bind_alu_cmram1" 65 68, 70 3 0, S_0xc6893d080;
 .timescale -9 -12;
    .port_info 0 /INPUT 1 "clk";
    .port_info 1 /INPUT 1 "rst_n";
    .port_info 2 /INPUT 8 "din";
    .port_info 3 /OUTPUT 8 "dout";
P_0xc68945c00 .param/l "WIDTH" 0 70 3, +C4<00000000000000000000000000001000>;
v0xc68967c00_0 .net "clk", 0 0, v0xc6896ab20_0;  alias, 1 drivers
v0xc68967ca0_0 .net "din", 7 0, L_0xc688a4a00;  1 drivers
v0xc68967d40_0 .net "dout", 7 0, v0xc68967a20_0;  alias, 1 drivers
v0xc68967de0_0 .net "rst_n", 0 0, v0xc6896a9e0_0;  alias, 1 drivers
S_0xc6913fa80 .scope module, "u_lut" "lut_block" 70 10, 4 2 0, S_0xc6913f900;
 .timescale -9 -12;
    .port_info 0 /INPUT 1 "clk";
    .port_info 1 /INPUT 1 "rst_n";
    .port_info 2 /INPUT 8 "din";
    .port_info 3 /OUTPUT 8 "dout";
P_0xc69144080 .param/l "DEPTH" 0 4 4, +C4<00000000000000000000000100000000>;
P_0xc691440c0 .param/l "WIDTH" 0 4 3, +C4<00000000000000000000000000001000>;
v0xc689678e0_0 .net "clk", 0 0, v0xc6896ab20_0;  alias, 1 drivers
v0xc68967980_0 .net "din", 7 0, L_0xc688a4a00;  alias, 1 drivers
v0xc68967a20_0 .var "dout", 7 0;
v0xc68967ac0 .array "rom", 255 0, 7 0;
v0xc68967b60_0 .net "rst_n", 0 0, v0xc6896a9e0_0;  alias, 1 drivers
S_0xc6913fc00 .scope begin, "INIT_ROM" "INIT_ROM" 4 15, 4 15 0, S_0xc6913fa80;
 .timescale -9 -12;
v0xc68967840_0 .var/2s "i", 31 0;
S_0xc6913fd80 .scope module, "u_bind_cmram2" "bind_alu_cmram2" 65 69, 71 3 0, S_0xc6893d080;
 .timescale -9 -12;
    .port_info 0 /INPUT 1 "clk";
    .port_info 1 /INPUT 1 "rst_n";
    .port_info 2 /INPUT 8 "din";
    .port_info 3 /OUTPUT 8 "dout";
P_0xc68945d00 .param/l "WIDTH" 0 71 3, +C4<00000000000000000000000000001000>;
v0xc68968280_0 .net "clk", 0 0, v0xc6896ab20_0;  alias, 1 drivers
v0xc68968320_0 .net "din", 7 0, L_0xc688a4aa0;  1 drivers
v0xc689683c0_0 .net "dout", 7 0, v0xc689680a0_0;  alias, 1 drivers
v0xc68968460_0 .net "rst_n", 0 0, v0xc6896a9e0_0;  alias, 1 drivers
S_0xc6914c000 .scope module, "u_lut" "lut_block" 71 10, 4 2 0, S_0xc6913fd80;
 .timescale -9 -12;
    .port_info 0 /INPUT 1 "clk";
    .port_info 1 /INPUT 1 "rst_n";
    .port_info 2 /INPUT 8 "din";
    .port_info 3 /OUTPUT 8 "dout";
P_0xc69144100 .param/l "DEPTH" 0 4 4, +C4<00000000000000000000000100000000>;
P_0xc69144140 .param/l "WIDTH" 0 4 3, +C4<00000000000000000000000000001000>;
v0xc68967f20_0 .net "clk", 0 0, v0xc6896ab20_0;  alias, 1 drivers
v0xc68968000_0 .net "din", 7 0, L_0xc688a4aa0;  alias, 1 drivers
v0xc689680a0_0 .var "dout", 7 0;
v0xc68968140 .array "rom", 255 0, 7 0;
v0xc689681e0_0 .net "rst_n", 0 0, v0xc6896a9e0_0;  alias, 1 drivers
S_0xc6914c180 .scope begin, "INIT_ROM" "INIT_ROM" 4 15, 4 15 0, S_0xc6914c000;
 .timescale -9 -12;
v0xc68967e80_0 .var/2s "i", 31 0;
S_0xc6914c300 .scope module, "u_bind_cmram3" "bind_alu_cmram3" 65 70, 72 3 0, S_0xc6893d080;
 .timescale -9 -12;
    .port_info 0 /INPUT 1 "clk";
    .port_info 1 /INPUT 1 "rst_n";
    .port_info 2 /INPUT 8 "din";
    .port_info 3 /OUTPUT 8 "dout";
P_0xc68945e00 .param/l "WIDTH" 0 72 3, +C4<00000000000000000000000000001000>;
v0xc689688c0_0 .net "clk", 0 0, v0xc6896ab20_0;  alias, 1 drivers
v0xc68968960_0 .net "din", 7 0, L_0xc688a4b40;  1 drivers
v0xc68968a00_0 .net "dout", 7 0, v0xc689686e0_0;  alias, 1 drivers
v0xc68968aa0_0 .net "rst_n", 0 0, v0xc6896a9e0_0;  alias, 1 drivers
S_0xc6914c480 .scope module, "u_lut" "lut_block" 72 10, 4 2 0, S_0xc6914c300;
 .timescale -9 -12;
    .port_info 0 /INPUT 1 "clk";
    .port_info 1 /INPUT 1 "rst_n";
    .port_info 2 /INPUT 8 "din";
    .port_info 3 /OUTPUT 8 "dout";
P_0xc69144180 .param/l "DEPTH" 0 4 4, +C4<00000000000000000000000100000000>;
P_0xc691441c0 .param/l "WIDTH" 0 4 3, +C4<00000000000000000000000000001000>;
v0xc689685a0_0 .net "clk", 0 0, v0xc6896ab20_0;  alias, 1 drivers
v0xc68968640_0 .net "din", 7 0, L_0xc688a4b40;  alias, 1 drivers
v0xc689686e0_0 .var "dout", 7 0;
v0xc68968780 .array "rom", 255 0, 7 0;
v0xc68968820_0 .net "rst_n", 0 0, v0xc6896a9e0_0;  alias, 1 drivers
S_0xc6914c600 .scope begin, "INIT_ROM" "INIT_ROM" 4 15, 4 15 0, S_0xc6914c480;
 .timescale -9 -12;
v0xc68968500_0 .var/2s "i", 31 0;
S_0xc6914c780 .scope module, "u_bind_cmrom" "bind_alu_cmrom" 65 66, 73 3 0, S_0xc6893d080;
 .timescale -9 -12;
    .port_info 0 /INPUT 1 "clk";
    .port_info 1 /INPUT 1 "rst_n";
    .port_info 2 /INPUT 8 "din";
    .port_info 3 /OUTPUT 8 "dout";
P_0xc68945f00 .param/l "WIDTH" 0 73 3, +C4<00000000000000000000000000001000>;
v0xc68968f00_0 .net "clk", 0 0, v0xc6896ab20_0;  alias, 1 drivers
v0xc68968fa0_0 .net "din", 7 0, L_0xc688a48c0;  1 drivers
v0xc68969040_0 .net "dout", 7 0, v0xc68968d20_0;  alias, 1 drivers
v0xc689690e0_0 .net "rst_n", 0 0, v0xc6896a9e0_0;  alias, 1 drivers
S_0xc6914c900 .scope module, "u_lut" "lut_block" 73 10, 4 2 0, S_0xc6914c780;
 .timescale -9 -12;
    .port_info 0 /INPUT 1 "clk";
    .port_info 1 /INPUT 1 "rst_n";
    .port_info 2 /INPUT 8 "din";
    .port_info 3 /OUTPUT 8 "dout";
P_0xc69144200 .param/l "DEPTH" 0 4 4, +C4<00000000000000000000000100000000>;
P_0xc69144240 .param/l "WIDTH" 0 4 3, +C4<00000000000000000000000000001000>;
v0xc68968be0_0 .net "clk", 0 0, v0xc6896ab20_0;  alias, 1 drivers
v0xc68968c80_0 .net "din", 7 0, L_0xc688a48c0;  alias, 1 drivers
v0xc68968d20_0 .var "dout", 7 0;
v0xc68968dc0 .array "rom", 255 0, 7 0;
v0xc68968e60_0 .net "rst_n", 0 0, v0xc6896a9e0_0;  alias, 1 drivers
S_0xc6914ca80 .scope begin, "INIT_ROM" "INIT_ROM" 4 15, 4 15 0, S_0xc6914c900;
 .timescale -9 -12;
v0xc68968b40_0 .var/2s "i", 31 0;
S_0xc6914cc00 .scope module, "u_bind_cy1" "bind_alu_cy_1" 65 52, 74 3 0, S_0xc6893d080;
 .timescale -9 -12;
    .port_info 0 /INPUT 1 "clk";
    .port_info 1 /INPUT 1 "rst_n";
    .port_info 2 /INPUT 8 "din";
    .port_info 3 /OUTPUT 8 "dout";
P_0xc68946000 .param/l "WIDTH" 0 74 3, +C4<00000000000000000000000000001000>;
v0xc68969540_0 .net "clk", 0 0, v0xc6896ab20_0;  alias, 1 drivers
v0xc689695e0_0 .net "din", 7 0, L_0xc688a46e0;  1 drivers
v0xc68969680_0 .net "dout", 7 0, v0xc68969360_0;  alias, 1 drivers
v0xc68969720_0 .net "rst_n", 0 0, v0xc6896a9e0_0;  alias, 1 drivers
S_0xc6914cd80 .scope module, "u_lut" "lut_block" 74 10, 4 2 0, S_0xc6914cc00;
 .timescale -9 -12;
    .port_info 0 /INPUT 1 "clk";
    .port_info 1 /INPUT 1 "rst_n";
    .port_info 2 /INPUT 8 "din";
    .port_info 3 /OUTPUT 8 "dout";
P_0xc69144280 .param/l "DEPTH" 0 4 4, +C4<00000000000000000000000100000000>;
P_0xc691442c0 .param/l "WIDTH" 0 4 3, +C4<00000000000000000000000000001000>;
v0xc68969220_0 .net "clk", 0 0, v0xc6896ab20_0;  alias, 1 drivers
v0xc689692c0_0 .net "din", 7 0, L_0xc688a46e0;  alias, 1 drivers
v0xc68969360_0 .var "dout", 7 0;
v0xc68969400 .array "rom", 255 0, 7 0;
v0xc689694a0_0 .net "rst_n", 0 0, v0xc6896a9e0_0;  alias, 1 drivers
S_0xc6914cf00 .scope begin, "INIT_ROM" "INIT_ROM" 4 15, 4 15 0, S_0xc6914cd80;
 .timescale -9 -12;
v0xc68969180_0 .var/2s "i", 31 0;
    .scope S_0x100c29d30;
T_0 ;
    %fork t_1, S_0x100c29680;
    %jmp t_0;
    .scope S_0x100c29680;
t_1 ;
    %pushi/vec4 0, 0, 32;
    %store/vec4 v0xc68831e00_0, 0, 32;
T_0.0 ;
    %load/vec4 v0xc68831e00_0;
    %cmpi/s 256, 0, 32;
    %jmp/0xz T_0.1, 5;
    %load/vec4 v0xc68831e00_0;
    %parti/s 8, 0, 2;
    %pad/u 1;
    %pad/u 8;
    %ix/getv/s 4, v0xc68831e00_0;
    %store/vec4a v0xc68832080, 4, 0;
    ; show_stmt_assign_vector: Get l-value for compressed += operand
    %load/vec4 v0xc68831e00_0;
    %pushi/vec4 1, 0, 32;
    %add;
    %cast2;
    %store/vec4 v0xc68831e00_0, 0, 32;
    %jmp T_0.0;
T_0.1 ;
    %end;
    .scope S_0x100c29d30;
t_0 %join;
    %end;
    .thread T_0;
    .scope S_0x100c29d30;
T_1 ;
    %wait E_0xc691180c0;
    %load/vec4 v0xc68832120_0;
    %nor/r;
    %flag_set/vec4 8;
    %jmp/0xz  T_1.0, 8;
    %pushi/vec4 0, 0, 8;
    %assign/vec4 v0xc68831fe0_0, 0;
    %jmp T_1.1;
T_1.0 ;
    %load/vec4 v0xc68831f40_0;
    %pad/u 10;
    %ix/vec4 4;
    %load/vec4a v0xc68832080, 4;
    %assign/vec4 v0xc68831fe0_0, 0;
T_1.1 ;
    %jmp T_1;
    .thread T_1;
    .scope S_0x100c29800;
T_2 ;
    %fork t_3, S_0x100c29150;
    %jmp t_2;
    .scope S_0x100c29150;
t_3 ;
    %pushi/vec4 0, 0, 32;
    %store/vec4 v0xc68832440_0, 0, 32;
T_2.0 ;
    %load/vec4 v0xc68832440_0;
    %cmpi/s 256, 0, 32;
    %jmp/0xz T_2.1, 5;
    %load/vec4 v0xc68832440_0;
    %parti/s 8, 0, 2;
    %pad/u 1;
    %pad/u 8;
    %ix/getv/s 4, v0xc68832440_0;
    %store/vec4a v0xc688326c0, 4, 0;
    ; show_stmt_assign_vector: Get l-value for compressed += operand
    %load/vec4 v0xc68832440_0;
    %pushi/vec4 1, 0, 32;
    %add;
    %cast2;
    %store/vec4 v0xc68832440_0, 0, 32;
    %jmp T_2.0;
T_2.1 ;
    %end;
    .scope S_0x100c29800;
t_2 %join;
    %end;
    .thread T_2;
    .scope S_0x100c29800;
T_3 ;
    %wait E_0xc69118100;
    %load/vec4 v0xc68832760_0;
    %nor/r;
    %flag_set/vec4 8;
    %jmp/0xz  T_3.0, 8;
    %pushi/vec4 0, 0, 8;
    %assign/vec4 v0xc68832620_0, 0;
    %jmp T_3.1;
T_3.0 ;
    %load/vec4 v0xc68832580_0;
    %pad/u 10;
    %ix/vec4 4;
    %load/vec4a v0xc688326c0, 4;
    %assign/vec4 v0xc68832620_0, 0;
T_3.1 ;
    %jmp T_3;
    .thread T_3;
    .scope S_0x100c292d0;
T_4 ;
    %fork t_5, S_0x100c28be0;
    %jmp t_4;
    .scope S_0x100c28be0;
t_5 ;
    %pushi/vec4 0, 0, 32;
    %store/vec4 v0xc68832a80_0, 0, 32;
T_4.0 ;
    %load/vec4 v0xc68832a80_0;
    %cmpi/s 256, 0, 32;
    %jmp/0xz T_4.1, 5;
    %load/vec4 v0xc68832a80_0;
    %parti/s 8, 0, 2;
    %pad/u 1;
    %pad/u 8;
    %ix/getv/s 4, v0xc68832a80_0;
    %store/vec4a v0xc68832d00, 4, 0;
    ; show_stmt_assign_vector: Get l-value for compressed += operand
    %load/vec4 v0xc68832a80_0;
    %pushi/vec4 1, 0, 32;
    %add;
    %cast2;
    %store/vec4 v0xc68832a80_0, 0, 32;
    %jmp T_4.0;
T_4.1 ;
    %end;
    .scope S_0x100c292d0;
t_4 %join;
    %end;
    .thread T_4;
    .scope S_0x100c292d0;
T_5 ;
    %wait E_0xc69118140;
    %load/vec4 v0xc68832da0_0;
    %nor/r;
    %flag_set/vec4 8;
    %jmp/0xz  T_5.0, 8;
    %pushi/vec4 0, 0, 8;
    %assign/vec4 v0xc68832c60_0, 0;
    %jmp T_5.1;
T_5.0 ;
    %load/vec4 v0xc68832bc0_0;
    %pad/u 10;
    %ix/vec4 4;
    %load/vec4a v0xc68832d00, 4;
    %assign/vec4 v0xc68832c60_0, 0;
T_5.1 ;
    %jmp T_5;
    .thread T_5;
    .scope S_0x100c28d60;
T_6 ;
    %fork t_7, S_0x100c200b0;
    %jmp t_6;
    .scope S_0x100c200b0;
t_7 ;
    %pushi/vec4 0, 0, 32;
    %store/vec4 v0xc688330c0_0, 0, 32;
T_6.0 ;
    %load/vec4 v0xc688330c0_0;
    %cmpi/s 256, 0, 32;
    %jmp/0xz T_6.1, 5;
    %load/vec4 v0xc688330c0_0;
    %parti/s 8, 0, 2;
    %pad/u 1;
    %pad/u 8;
    %ix/getv/s 4, v0xc688330c0_0;
    %store/vec4a v0xc68833340, 4, 0;
    ; show_stmt_assign_vector: Get l-value for compressed += operand
    %load/vec4 v0xc688330c0_0;
    %pushi/vec4 1, 0, 32;
    %add;
    %cast2;
    %store/vec4 v0xc688330c0_0, 0, 32;
    %jmp T_6.0;
T_6.1 ;
    %end;
    .scope S_0x100c28d60;
t_6 %join;
    %end;
    .thread T_6;
    .scope S_0x100c28d60;
T_7 ;
    %wait E_0xc69118180;
    %load/vec4 v0xc688333e0_0;
    %nor/r;
    %flag_set/vec4 8;
    %jmp/0xz  T_7.0, 8;
    %pushi/vec4 0, 0, 8;
    %assign/vec4 v0xc688332a0_0, 0;
    %jmp T_7.1;
T_7.0 ;
    %load/vec4 v0xc68833200_0;
    %pad/u 10;
    %ix/vec4 4;
    %load/vec4a v0xc68833340, 4;
    %assign/vec4 v0xc688332a0_0, 0;
T_7.1 ;
    %jmp T_7;
    .thread T_7;
    .scope S_0x100c20230;
T_8 ;
    %fork t_9, S_0x100c33f20;
    %jmp t_8;
    .scope S_0x100c33f20;
t_9 ;
    %pushi/vec4 0, 0, 32;
    %store/vec4 v0xc68833700_0, 0, 32;
T_8.0 ;
    %load/vec4 v0xc68833700_0;
    %cmpi/s 256, 0, 32;
    %jmp/0xz T_8.1, 5;
    %load/vec4 v0xc68833700_0;
    %parti/s 8, 0, 2;
    %pad/u 1;
    %pad/u 8;
    %ix/getv/s 4, v0xc68833700_0;
    %store/vec4a v0xc68833980, 4, 0;
    ; show_stmt_assign_vector: Get l-value for compressed += operand
    %load/vec4 v0xc68833700_0;
    %pushi/vec4 1, 0, 32;
    %add;
    %cast2;
    %store/vec4 v0xc68833700_0, 0, 32;
    %jmp T_8.0;
T_8.1 ;
    %end;
    .scope S_0x100c20230;
t_8 %join;
    %end;
    .thread T_8;
    .scope S_0x100c20230;
T_9 ;
    %wait E_0xc691181c0;
    %load/vec4 v0xc68833a20_0;
    %nor/r;
    %flag_set/vec4 8;
    %jmp/0xz  T_9.0, 8;
    %pushi/vec4 0, 0, 8;
    %assign/vec4 v0xc688338e0_0, 0;
    %jmp T_9.1;
T_9.0 ;
    %load/vec4 v0xc68833840_0;
    %pad/u 10;
    %ix/vec4 4;
    %load/vec4a v0xc68833980, 4;
    %assign/vec4 v0xc688338e0_0, 0;
T_9.1 ;
    %jmp T_9;
    .thread T_9;
    .scope S_0xc6912c000;
T_10 ;
    %fork t_11, S_0xc6912c180;
    %jmp t_10;
    .scope S_0xc6912c180;
t_11 ;
    %pushi/vec4 0, 0, 32;
    %store/vec4 v0xc68833d40_0, 0, 32;
T_10.0 ;
    %load/vec4 v0xc68833d40_0;
    %cmpi/s 256, 0, 32;
    %jmp/0xz T_10.1, 5;
    %load/vec4 v0xc68833d40_0;
    %parti/s 8, 0, 2;
    %pad/u 1;
    %pad/u 8;
    %ix/getv/s 4, v0xc68833d40_0;
    %store/vec4a v0xc68940000, 4, 0;
    ; show_stmt_assign_vector: Get l-value for compressed += operand
    %load/vec4 v0xc68833d40_0;
    %pushi/vec4 1, 0, 32;
    %add;
    %cast2;
    %store/vec4 v0xc68833d40_0, 0, 32;
    %jmp T_10.0;
T_10.1 ;
    %end;
    .scope S_0xc6912c000;
t_10 %join;
    %end;
    .thread T_10;
    .scope S_0xc6912c000;
T_11 ;
    %wait E_0xc69118200;
    %load/vec4 v0xc689400a0_0;
    %nor/r;
    %flag_set/vec4 8;
    %jmp/0xz  T_11.0, 8;
    %pushi/vec4 0, 0, 8;
    %assign/vec4 v0xc68833f20_0, 0;
    %jmp T_11.1;
T_11.0 ;
    %load/vec4 v0xc68833e80_0;
    %pad/u 10;
    %ix/vec4 4;
    %load/vec4a v0xc68940000, 4;
    %assign/vec4 v0xc68833f20_0, 0;
T_11.1 ;
    %jmp T_11;
    .thread T_11;
    .scope S_0xc6912c300;
T_12 ;
    %fork t_13, S_0xc6912c480;
    %jmp t_12;
    .scope S_0xc6912c480;
t_13 ;
    %pushi/vec4 0, 0, 32;
    %store/vec4 v0xc689403c0_0, 0, 32;
T_12.0 ;
    %load/vec4 v0xc689403c0_0;
    %cmpi/s 256, 0, 32;
    %jmp/0xz T_12.1, 5;
    %load/vec4 v0xc689403c0_0;
    %parti/s 8, 0, 2;
    %pad/u 1;
    %pad/u 8;
    %ix/getv/s 4, v0xc689403c0_0;
    %store/vec4a v0xc68940640, 4, 0;
    ; show_stmt_assign_vector: Get l-value for compressed += operand
    %load/vec4 v0xc689403c0_0;
    %pushi/vec4 1, 0, 32;
    %add;
    %cast2;
    %store/vec4 v0xc689403c0_0, 0, 32;
    %jmp T_12.0;
T_12.1 ;
    %end;
    .scope S_0xc6912c300;
t_12 %join;
    %end;
    .thread T_12;
    .scope S_0xc6912c300;
T_13 ;
    %wait E_0xc69118240;
    %load/vec4 v0xc689406e0_0;
    %nor/r;
    %flag_set/vec4 8;
    %jmp/0xz  T_13.0, 8;
    %pushi/vec4 0, 0, 8;
    %assign/vec4 v0xc689405a0_0, 0;
    %jmp T_13.1;
T_13.0 ;
    %load/vec4 v0xc68940500_0;
    %pad/u 10;
    %ix/vec4 4;
    %load/vec4a v0xc68940640, 4;
    %assign/vec4 v0xc689405a0_0, 0;
T_13.1 ;
    %jmp T_13;
    .thread T_13;
    .scope S_0xc6912c600;
T_14 ;
    %fork t_15, S_0xc6912c780;
    %jmp t_14;
    .scope S_0xc6912c780;
t_15 ;
    %pushi/vec4 0, 0, 32;
    %store/vec4 v0xc68940a00_0, 0, 32;
T_14.0 ;
    %load/vec4 v0xc68940a00_0;
    %cmpi/s 256, 0, 32;
    %jmp/0xz T_14.1, 5;
    %load/vec4 v0xc68940a00_0;
    %parti/s 8, 0, 2;
    %pad/u 1;
    %pad/u 8;
    %ix/getv/s 4, v0xc68940a00_0;
    %store/vec4a v0xc68940c80, 4, 0;
    ; show_stmt_assign_vector: Get l-value for compressed += operand
    %load/vec4 v0xc68940a00_0;
    %pushi/vec4 1, 0, 32;
    %add;
    %cast2;
    %store/vec4 v0xc68940a00_0, 0, 32;
    %jmp T_14.0;
T_14.1 ;
    %end;
    .scope S_0xc6912c600;
t_14 %join;
    %end;
    .thread T_14;
    .scope S_0xc6912c600;
T_15 ;
    %wait E_0xc69118280;
    %load/vec4 v0xc68940d20_0;
    %nor/r;
    %flag_set/vec4 8;
    %jmp/0xz  T_15.0, 8;
    %pushi/vec4 0, 0, 8;
    %assign/vec4 v0xc68940be0_0, 0;
    %jmp T_15.1;
T_15.0 ;
    %load/vec4 v0xc68940b40_0;
    %pad/u 10;
    %ix/vec4 4;
    %load/vec4a v0xc68940c80, 4;
    %assign/vec4 v0xc68940be0_0, 0;
T_15.1 ;
    %jmp T_15;
    .thread T_15;
    .scope S_0xc6912c900;
T_16 ;
    %fork t_17, S_0xc6912ca80;
    %jmp t_16;
    .scope S_0xc6912ca80;
t_17 ;
    %pushi/vec4 0, 0, 32;
    %store/vec4 v0xc68941040_0, 0, 32;
T_16.0 ;
    %load/vec4 v0xc68941040_0;
    %cmpi/s 256, 0, 32;
    %jmp/0xz T_16.1, 5;
    %load/vec4 v0xc68941040_0;
    %parti/s 8, 0, 2;
    %pad/u 1;
    %pad/u 8;
    %ix/getv/s 4, v0xc68941040_0;
    %store/vec4a v0xc689412c0, 4, 0;
    ; show_stmt_assign_vector: Get l-value for compressed += operand
    %load/vec4 v0xc68941040_0;
    %pushi/vec4 1, 0, 32;
    %add;
    %cast2;
    %store/vec4 v0xc68941040_0, 0, 32;
    %jmp T_16.0;
T_16.1 ;
    %end;
    .scope S_0xc6912c900;
t_16 %join;
    %end;
    .thread T_16;
    .scope S_0xc6912c900;
T_17 ;
    %wait E_0xc691182c0;
    %load/vec4 v0xc68941360_0;
    %nor/r;
    %flag_set/vec4 8;
    %jmp/0xz  T_17.0, 8;
    %pushi/vec4 0, 0, 8;
    %assign/vec4 v0xc68941220_0, 0;
    %jmp T_17.1;
T_17.0 ;
    %load/vec4 v0xc68941180_0;
    %pad/u 10;
    %ix/vec4 4;
    %load/vec4a v0xc689412c0, 4;
    %assign/vec4 v0xc68941220_0, 0;
T_17.1 ;
    %jmp T_17;
    .thread T_17;
    .scope S_0xc6912cc00;
T_18 ;
    %fork t_19, S_0xc6912cd80;
    %jmp t_18;
    .scope S_0xc6912cd80;
t_19 ;
    %pushi/vec4 0, 0, 32;
    %store/vec4 v0xc68941680_0, 0, 32;
T_18.0 ;
    %load/vec4 v0xc68941680_0;
    %cmpi/s 256, 0, 32;
    %jmp/0xz T_18.1, 5;
    %load/vec4 v0xc68941680_0;
    %parti/s 8, 0, 2;
    %pad/u 1;
    %pad/u 8;
    %ix/getv/s 4, v0xc68941680_0;
    %store/vec4a v0xc68941900, 4, 0;
    ; show_stmt_assign_vector: Get l-value for compressed += operand
    %load/vec4 v0xc68941680_0;
    %pushi/vec4 1, 0, 32;
    %add;
    %cast2;
    %store/vec4 v0xc68941680_0, 0, 32;
    %jmp T_18.0;
T_18.1 ;
    %end;
    .scope S_0xc6912cc00;
t_18 %join;
    %end;
    .thread T_18;
    .scope S_0xc6912cc00;
T_19 ;
    %wait E_0xc69118300;
    %load/vec4 v0xc689419a0_0;
    %nor/r;
    %flag_set/vec4 8;
    %jmp/0xz  T_19.0, 8;
    %pushi/vec4 0, 0, 8;
    %assign/vec4 v0xc68941860_0, 0;
    %jmp T_19.1;
T_19.0 ;
    %load/vec4 v0xc689417c0_0;
    %pad/u 10;
    %ix/vec4 4;
    %load/vec4a v0xc68941900, 4;
    %assign/vec4 v0xc68941860_0, 0;
T_19.1 ;
    %jmp T_19;
    .thread T_19;
    .scope S_0xc6912cf00;
T_20 ;
    %fork t_21, S_0xc6912d080;
    %jmp t_20;
    .scope S_0xc6912d080;
t_21 ;
    %pushi/vec4 0, 0, 32;
    %store/vec4 v0xc68941cc0_0, 0, 32;
T_20.0 ;
    %load/vec4 v0xc68941cc0_0;
    %cmpi/s 256, 0, 32;
    %jmp/0xz T_20.1, 5;
    %load/vec4 v0xc68941cc0_0;
    %parti/s 8, 0, 2;
    %pad/u 1;
    %pad/u 8;
    %ix/getv/s 4, v0xc68941cc0_0;
    %store/vec4a v0xc68941f40, 4, 0;
    ; show_stmt_assign_vector: Get l-value for compressed += operand
    %load/vec4 v0xc68941cc0_0;
    %pushi/vec4 1, 0, 32;
    %add;
    %cast2;
    %store/vec4 v0xc68941cc0_0, 0, 32;
    %jmp T_20.0;
T_20.1 ;
    %end;
    .scope S_0xc6912cf00;
t_20 %join;
    %end;
    .thread T_20;
    .scope S_0xc6912cf00;
T_21 ;
    %wait E_0xc69118340;
    %load/vec4 v0xc68941fe0_0;
    %nor/r;
    %flag_set/vec4 8;
    %jmp/0xz  T_21.0, 8;
    %pushi/vec4 0, 0, 8;
    %assign/vec4 v0xc68941ea0_0, 0;
    %jmp T_21.1;
T_21.0 ;
    %load/vec4 v0xc68941e00_0;
    %pad/u 10;
    %ix/vec4 4;
    %load/vec4a v0xc68941f40, 4;
    %assign/vec4 v0xc68941ea0_0, 0;
T_21.1 ;
    %jmp T_21;
    .thread T_21;
    .scope S_0xc6912d200;
T_22 ;
    %fork t_23, S_0xc6912d380;
    %jmp t_22;
    .scope S_0xc6912d380;
t_23 ;
    %pushi/vec4 0, 0, 32;
    %store/vec4 v0xc68942300_0, 0, 32;
T_22.0 ;
    %load/vec4 v0xc68942300_0;
    %cmpi/s 256, 0, 32;
    %jmp/0xz T_22.1, 5;
    %load/vec4 v0xc68942300_0;
    %parti/s 8, 0, 2;
    %pad/u 1;
    %pad/u 8;
    %ix/getv/s 4, v0xc68942300_0;
    %store/vec4a v0xc68942580, 4, 0;
    ; show_stmt_assign_vector: Get l-value for compressed += operand
    %load/vec4 v0xc68942300_0;
    %pushi/vec4 1, 0, 32;
    %add;
    %cast2;
    %store/vec4 v0xc68942300_0, 0, 32;
    %jmp T_22.0;
T_22.1 ;
    %end;
    .scope S_0xc6912d200;
t_22 %join;
    %end;
    .thread T_22;
    .scope S_0xc6912d200;
T_23 ;
    %wait E_0xc69118380;
    %load/vec4 v0xc68942620_0;
    %nor/r;
    %flag_set/vec4 8;
    %jmp/0xz  T_23.0, 8;
    %pushi/vec4 0, 0, 8;
    %assign/vec4 v0xc689424e0_0, 0;
    %jmp T_23.1;
T_23.0 ;
    %load/vec4 v0xc68942440_0;
    %pad/u 10;
    %ix/vec4 4;
    %load/vec4a v0xc68942580, 4;
    %assign/vec4 v0xc689424e0_0, 0;
T_23.1 ;
    %jmp T_23;
    .thread T_23;
    .scope S_0xc6912d500;
T_24 ;
    %fork t_25, S_0xc6912d680;
    %jmp t_24;
    .scope S_0xc6912d680;
t_25 ;
    %pushi/vec4 0, 0, 32;
    %store/vec4 v0xc68942940_0, 0, 32;
T_24.0 ;
    %load/vec4 v0xc68942940_0;
    %cmpi/s 256, 0, 32;
    %jmp/0xz T_24.1, 5;
    %load/vec4 v0xc68942940_0;
    %parti/s 8, 0, 2;
    %pad/u 1;
    %pad/u 8;
    %ix/getv/s 4, v0xc68942940_0;
    %store/vec4a v0xc68942bc0, 4, 0;
    ; show_stmt_assign_vector: Get l-value for compressed += operand
    %load/vec4 v0xc68942940_0;
    %pushi/vec4 1, 0, 32;
    %add;
    %cast2;
    %store/vec4 v0xc68942940_0, 0, 32;
    %jmp T_24.0;
T_24.1 ;
    %end;
    .scope S_0xc6912d500;
t_24 %join;
    %end;
    .thread T_24;
    .scope S_0xc6912d500;
T_25 ;
    %wait E_0xc691183c0;
    %load/vec4 v0xc68942c60_0;
    %nor/r;
    %flag_set/vec4 8;
    %jmp/0xz  T_25.0, 8;
    %pushi/vec4 0, 0, 8;
    %assign/vec4 v0xc68942b20_0, 0;
    %jmp T_25.1;
T_25.0 ;
    %load/vec4 v0xc68942a80_0;
    %pad/u 10;
    %ix/vec4 4;
    %load/vec4a v0xc68942bc0, 4;
    %assign/vec4 v0xc68942b20_0, 0;
T_25.1 ;
    %jmp T_25;
    .thread T_25;
    .scope S_0xc6912d800;
T_26 ;
    %fork t_27, S_0xc6912d980;
    %jmp t_26;
    .scope S_0xc6912d980;
t_27 ;
    %pushi/vec4 0, 0, 32;
    %store/vec4 v0xc68942f80_0, 0, 32;
T_26.0 ;
    %load/vec4 v0xc68942f80_0;
    %cmpi/s 256, 0, 32;
    %jmp/0xz T_26.1, 5;
    %load/vec4 v0xc68942f80_0;
    %parti/s 8, 0, 2;
    %pad/u 1;
    %pad/u 8;
    %ix/getv/s 4, v0xc68942f80_0;
    %store/vec4a v0xc68943200, 4, 0;
    ; show_stmt_assign_vector: Get l-value for compressed += operand
    %load/vec4 v0xc68942f80_0;
    %pushi/vec4 1, 0, 32;
    %add;
    %cast2;
    %store/vec4 v0xc68942f80_0, 0, 32;
    %jmp T_26.0;
T_26.1 ;
    %end;
    .scope S_0xc6912d800;
t_26 %join;
    %end;
    .thread T_26;
    .scope S_0xc6912d800;
T_27 ;
    %wait E_0xc69118400;
    %load/vec4 v0xc689432a0_0;
    %nor/r;
    %flag_set/vec4 8;
    %jmp/0xz  T_27.0, 8;
    %pushi/vec4 0, 0, 8;
    %assign/vec4 v0xc68943160_0, 0;
    %jmp T_27.1;
T_27.0 ;
    %load/vec4 v0xc689430c0_0;
    %pad/u 10;
    %ix/vec4 4;
    %load/vec4a v0xc68943200, 4;
    %assign/vec4 v0xc68943160_0, 0;
T_27.1 ;
    %jmp T_27;
    .thread T_27;
    .scope S_0xc6912db00;
T_28 ;
    %fork t_29, S_0xc6912dc80;
    %jmp t_28;
    .scope S_0xc6912dc80;
t_29 ;
    %pushi/vec4 0, 0, 32;
    %store/vec4 v0xc689435c0_0, 0, 32;
T_28.0 ;
    %load/vec4 v0xc689435c0_0;
    %cmpi/s 256, 0, 32;
    %jmp/0xz T_28.1, 5;
    %load/vec4 v0xc689435c0_0;
    %parti/s 8, 0, 2;
    %pad/u 1;
    %pad/u 8;
    %ix/getv/s 4, v0xc689435c0_0;
    %store/vec4a v0xc68943840, 4, 0;
    ; show_stmt_assign_vector: Get l-value for compressed += operand
    %load/vec4 v0xc689435c0_0;
    %pushi/vec4 1, 0, 32;
    %add;
    %cast2;
    %store/vec4 v0xc689435c0_0, 0, 32;
    %jmp T_28.0;
T_28.1 ;
    %end;
    .scope S_0xc6912db00;
t_28 %join;
    %end;
    .thread T_28;
    .scope S_0xc6912db00;
T_29 ;
    %wait E_0xc69118440;
    %load/vec4 v0xc689438e0_0;
    %nor/r;
    %flag_set/vec4 8;
    %jmp/0xz  T_29.0, 8;
    %pushi/vec4 0, 0, 8;
    %assign/vec4 v0xc689437a0_0, 0;
    %jmp T_29.1;
T_29.0 ;
    %load/vec4 v0xc68943700_0;
    %pad/u 10;
    %ix/vec4 4;
    %load/vec4a v0xc68943840, 4;
    %assign/vec4 v0xc689437a0_0, 0;
T_29.1 ;
    %jmp T_29;
    .thread T_29;
    .scope S_0xc6912de00;
T_30 ;
    %fork t_31, S_0xc6912df80;
    %jmp t_30;
    .scope S_0xc6912df80;
t_31 ;
    %pushi/vec4 0, 0, 32;
    %store/vec4 v0xc68943c00_0, 0, 32;
T_30.0 ;
    %load/vec4 v0xc68943c00_0;
    %cmpi/s 256, 0, 32;
    %jmp/0xz T_30.1, 5;
    %load/vec4 v0xc68943c00_0;
    %parti/s 8, 0, 2;
    %pad/u 1;
    %pad/u 8;
    %ix/getv/s 4, v0xc68943c00_0;
    %store/vec4a v0xc68943e80, 4, 0;
    ; show_stmt_assign_vector: Get l-value for compressed += operand
    %load/vec4 v0xc68943c00_0;
    %pushi/vec4 1, 0, 32;
    %add;
    %cast2;
    %store/vec4 v0xc68943c00_0, 0, 32;
    %jmp T_30.0;
T_30.1 ;
    %end;
    .scope S_0xc6912de00;
t_30 %join;
    %end;
    .thread T_30;
    .scope S_0xc6912de00;
T_31 ;
    %wait E_0xc69118480;
    %load/vec4 v0xc68943f20_0;
    %nor/r;
    %flag_set/vec4 8;
    %jmp/0xz  T_31.0, 8;
    %pushi/vec4 0, 0, 8;
    %assign/vec4 v0xc68943de0_0, 0;
    %jmp T_31.1;
T_31.0 ;
    %load/vec4 v0xc68943d40_0;
    %pad/u 10;
    %ix/vec4 4;
    %load/vec4a v0xc68943e80, 4;
    %assign/vec4 v0xc68943de0_0, 0;
T_31.1 ;
    %jmp T_31;
    .thread T_31;
    .scope S_0xc6912e100;
T_32 ;
    %fork t_33, S_0xc6912e280;
    %jmp t_32;
    .scope S_0xc6912e280;
t_33 ;
    %pushi/vec4 0, 0, 32;
    %store/vec4 v0xc68948280_0, 0, 32;
T_32.0 ;
    %load/vec4 v0xc68948280_0;
    %cmpi/s 256, 0, 32;
    %jmp/0xz T_32.1, 5;
    %load/vec4 v0xc68948280_0;
    %parti/s 8, 0, 2;
    %pad/u 1;
    %pad/u 8;
    %ix/getv/s 4, v0xc68948280_0;
    %store/vec4a v0xc68948500, 4, 0;
    ; show_stmt_assign_vector: Get l-value for compressed += operand
    %load/vec4 v0xc68948280_0;
    %pushi/vec4 1, 0, 32;
    %add;
    %cast2;
    %store/vec4 v0xc68948280_0, 0, 32;
    %jmp T_32.0;
T_32.1 ;
    %end;
    .scope S_0xc6912e100;
t_32 %join;
    %end;
    .thread T_32;
    .scope S_0xc6912e100;
T_33 ;
    %wait E_0xc691184c0;
    %load/vec4 v0xc689485a0_0;
    %nor/r;
    %flag_set/vec4 8;
    %jmp/0xz  T_33.0, 8;
    %pushi/vec4 0, 0, 8;
    %assign/vec4 v0xc68948460_0, 0;
    %jmp T_33.1;
T_33.0 ;
    %load/vec4 v0xc689483c0_0;
    %pad/u 10;
    %ix/vec4 4;
    %load/vec4a v0xc68948500, 4;
    %assign/vec4 v0xc68948460_0, 0;
T_33.1 ;
    %jmp T_33;
    .thread T_33;
    .scope S_0xc6912e400;
T_34 ;
    %fork t_35, S_0xc6912e580;
    %jmp t_34;
    .scope S_0xc6912e580;
t_35 ;
    %pushi/vec4 0, 0, 32;
    %store/vec4 v0xc689488c0_0, 0, 32;
T_34.0 ;
    %load/vec4 v0xc689488c0_0;
    %cmpi/s 256, 0, 32;
    %jmp/0xz T_34.1, 5;
    %load/vec4 v0xc689488c0_0;
    %parti/s 8, 0, 2;
    %pad/u 1;
    %pad/u 8;
    %ix/getv/s 4, v0xc689488c0_0;
    %store/vec4a v0xc68948b40, 4, 0;
    ; show_stmt_assign_vector: Get l-value for compressed += operand
    %load/vec4 v0xc689488c0_0;
    %pushi/vec4 1, 0, 32;
    %add;
    %cast2;
    %store/vec4 v0xc689488c0_0, 0, 32;
    %jmp T_34.0;
T_34.1 ;
    %end;
    .scope S_0xc6912e400;
t_34 %join;
    %end;
    .thread T_34;
    .scope S_0xc6912e400;
T_35 ;
    %wait E_0xc69118500;
    %load/vec4 v0xc68948be0_0;
    %nor/r;
    %flag_set/vec4 8;
    %jmp/0xz  T_35.0, 8;
    %pushi/vec4 0, 0, 8;
    %assign/vec4 v0xc68948aa0_0, 0;
    %jmp T_35.1;
T_35.0 ;
    %load/vec4 v0xc68948a00_0;
    %pad/u 10;
    %ix/vec4 4;
    %load/vec4a v0xc68948b40, 4;
    %assign/vec4 v0xc68948aa0_0, 0;
T_35.1 ;
    %jmp T_35;
    .thread T_35;
    .scope S_0xc6912e700;
T_36 ;
    %fork t_37, S_0xc6912e880;
    %jmp t_36;
    .scope S_0xc6912e880;
t_37 ;
    %pushi/vec4 0, 0, 32;
    %store/vec4 v0xc68948f00_0, 0, 32;
T_36.0 ;
    %load/vec4 v0xc68948f00_0;
    %cmpi/s 256, 0, 32;
    %jmp/0xz T_36.1, 5;
    %load/vec4 v0xc68948f00_0;
    %parti/s 8, 0, 2;
    %pad/u 1;
    %pad/u 8;
    %ix/getv/s 4, v0xc68948f00_0;
    %store/vec4a v0xc68949180, 4, 0;
    ; show_stmt_assign_vector: Get l-value for compressed += operand
    %load/vec4 v0xc68948f00_0;
    %pushi/vec4 1, 0, 32;
    %add;
    %cast2;
    %store/vec4 v0xc68948f00_0, 0, 32;
    %jmp T_36.0;
T_36.1 ;
    %end;
    .scope S_0xc6912e700;
t_36 %join;
    %end;
    .thread T_36;
    .scope S_0xc6912e700;
T_37 ;
    %wait E_0xc69118540;
    %load/vec4 v0xc68949220_0;
    %nor/r;
    %flag_set/vec4 8;
    %jmp/0xz  T_37.0, 8;
    %pushi/vec4 0, 0, 8;
    %assign/vec4 v0xc689490e0_0, 0;
    %jmp T_37.1;
T_37.0 ;
    %load/vec4 v0xc68949040_0;
    %pad/u 10;
    %ix/vec4 4;
    %load/vec4a v0xc68949180, 4;
    %assign/vec4 v0xc689490e0_0, 0;
T_37.1 ;
    %jmp T_37;
    .thread T_37;
    .scope S_0xc6912ea00;
T_38 ;
    %fork t_39, S_0xc6912eb80;
    %jmp t_38;
    .scope S_0xc6912eb80;
t_39 ;
    %pushi/vec4 0, 0, 32;
    %store/vec4 v0xc68949540_0, 0, 32;
T_38.0 ;
    %load/vec4 v0xc68949540_0;
    %cmpi/s 256, 0, 32;
    %jmp/0xz T_38.1, 5;
    %load/vec4 v0xc68949540_0;
    %parti/s 8, 0, 2;
    %pad/u 1;
    %pad/u 8;
    %ix/getv/s 4, v0xc68949540_0;
    %store/vec4a v0xc689497c0, 4, 0;
    ; show_stmt_assign_vector: Get l-value for compressed += operand
    %load/vec4 v0xc68949540_0;
    %pushi/vec4 1, 0, 32;
    %add;
    %cast2;
    %store/vec4 v0xc68949540_0, 0, 32;
    %jmp T_38.0;
T_38.1 ;
    %end;
    .scope S_0xc6912ea00;
t_38 %join;
    %end;
    .thread T_38;
    .scope S_0xc6912ea00;
T_39 ;
    %wait E_0xc69118580;
    %load/vec4 v0xc68949860_0;
    %nor/r;
    %flag_set/vec4 8;
    %jmp/0xz  T_39.0, 8;
    %pushi/vec4 0, 0, 8;
    %assign/vec4 v0xc68949720_0, 0;
    %jmp T_39.1;
T_39.0 ;
    %load/vec4 v0xc68949680_0;
    %pad/u 10;
    %ix/vec4 4;
    %load/vec4a v0xc689497c0, 4;
    %assign/vec4 v0xc68949720_0, 0;
T_39.1 ;
    %jmp T_39;
    .thread T_39;
    .scope S_0xc6912ed00;
T_40 ;
    %fork t_41, S_0xc6912ee80;
    %jmp t_40;
    .scope S_0xc6912ee80;
t_41 ;
    %pushi/vec4 0, 0, 32;
    %store/vec4 v0xc68949b80_0, 0, 32;
T_40.0 ;
    %load/vec4 v0xc68949b80_0;
    %cmpi/s 256, 0, 32;
    %jmp/0xz T_40.1, 5;
    %load/vec4 v0xc68949b80_0;
    %parti/s 8, 0, 2;
    %pad/u 1;
    %pad/u 8;
    %ix/getv/s 4, v0xc68949b80_0;
    %store/vec4a v0xc68949e00, 4, 0;
    ; show_stmt_assign_vector: Get l-value for compressed += operand
    %load/vec4 v0xc68949b80_0;
    %pushi/vec4 1, 0, 32;
    %add;
    %cast2;
    %store/vec4 v0xc68949b80_0, 0, 32;
    %jmp T_40.0;
T_40.1 ;
    %end;
    .scope S_0xc6912ed00;
t_40 %join;
    %end;
    .thread T_40;
    .scope S_0xc6912ed00;
T_41 ;
    %wait E_0xc691185c0;
    %load/vec4 v0xc68949ea0_0;
    %nor/r;
    %flag_set/vec4 8;
    %jmp/0xz  T_41.0, 8;
    %pushi/vec4 0, 0, 8;
    %assign/vec4 v0xc68949d60_0, 0;
    %jmp T_41.1;
T_41.0 ;
    %load/vec4 v0xc68949cc0_0;
    %pad/u 10;
    %ix/vec4 4;
    %load/vec4a v0xc68949e00, 4;
    %assign/vec4 v0xc68949d60_0, 0;
T_41.1 ;
    %jmp T_41;
    .thread T_41;
    .scope S_0xc6912f000;
T_42 ;
    %fork t_43, S_0xc6912f180;
    %jmp t_42;
    .scope S_0xc6912f180;
t_43 ;
    %pushi/vec4 0, 0, 32;
    %store/vec4 v0xc6894a1c0_0, 0, 32;
T_42.0 ;
    %load/vec4 v0xc6894a1c0_0;
    %cmpi/s 256, 0, 32;
    %jmp/0xz T_42.1, 5;
    %load/vec4 v0xc6894a1c0_0;
    %parti/s 8, 0, 2;
    %pad/u 1;
    %pad/u 8;
    %ix/getv/s 4, v0xc6894a1c0_0;
    %store/vec4a v0xc6894a440, 4, 0;
    ; show_stmt_assign_vector: Get l-value for compressed += operand
    %load/vec4 v0xc6894a1c0_0;
    %pushi/vec4 1, 0, 32;
    %add;
    %cast2;
    %store/vec4 v0xc6894a1c0_0, 0, 32;
    %jmp T_42.0;
T_42.1 ;
    %end;
    .scope S_0xc6912f000;
t_42 %join;
    %end;
    .thread T_42;
    .scope S_0xc6912f000;
T_43 ;
    %wait E_0xc69118600;
    %load/vec4 v0xc6894a4e0_0;
    %nor/r;
    %flag_set/vec4 8;
    %jmp/0xz  T_43.0, 8;
    %pushi/vec4 0, 0, 8;
    %assign/vec4 v0xc6894a3a0_0, 0;
    %jmp T_43.1;
T_43.0 ;
    %load/vec4 v0xc6894a300_0;
    %pad/u 10;
    %ix/vec4 4;
    %load/vec4a v0xc6894a440, 4;
    %assign/vec4 v0xc6894a3a0_0, 0;
T_43.1 ;
    %jmp T_43;
    .thread T_43;
    .scope S_0xc6912f300;
T_44 ;
    %fork t_45, S_0xc6912f480;
    %jmp t_44;
    .scope S_0xc6912f480;
t_45 ;
    %pushi/vec4 0, 0, 32;
    %store/vec4 v0xc6894a800_0, 0, 32;
T_44.0 ;
    %load/vec4 v0xc6894a800_0;
    %cmpi/s 256, 0, 32;
    %jmp/0xz T_44.1, 5;
    %load/vec4 v0xc6894a800_0;
    %parti/s 8, 0, 2;
    %pad/u 1;
    %pad/u 8;
    %ix/getv/s 4, v0xc6894a800_0;
    %store/vec4a v0xc6894aa80, 4, 0;
    ; show_stmt_assign_vector: Get l-value for compressed += operand
    %load/vec4 v0xc6894a800_0;
    %pushi/vec4 1, 0, 32;
    %add;
    %cast2;
    %store/vec4 v0xc6894a800_0, 0, 32;
    %jmp T_44.0;
T_44.1 ;
    %end;
    .scope S_0xc6912f300;
t_44 %join;
    %end;
    .thread T_44;
    .scope S_0xc6912f300;
T_45 ;
    %wait E_0xc69118640;
    %load/vec4 v0xc6894ab20_0;
    %nor/r;
    %flag_set/vec4 8;
    %jmp/0xz  T_45.0, 8;
    %pushi/vec4 0, 0, 8;
    %assign/vec4 v0xc6894a9e0_0, 0;
    %jmp T_45.1;
T_45.0 ;
    %load/vec4 v0xc6894a940_0;
    %pad/u 10;
    %ix/vec4 4;
    %load/vec4a v0xc6894aa80, 4;
    %assign/vec4 v0xc6894a9e0_0, 0;
T_45.1 ;
    %jmp T_45;
    .thread T_45;
    .scope S_0xc6912f600;
T_46 ;
    %fork t_47, S_0xc6912f780;
    %jmp t_46;
    .scope S_0xc6912f780;
t_47 ;
    %pushi/vec4 0, 0, 32;
    %store/vec4 v0xc6894ae40_0, 0, 32;
T_46.0 ;
    %load/vec4 v0xc6894ae40_0;
    %cmpi/s 256, 0, 32;
    %jmp/0xz T_46.1, 5;
    %load/vec4 v0xc6894ae40_0;
    %parti/s 8, 0, 2;
    %pad/u 1;
    %pad/u 8;
    %ix/getv/s 4, v0xc6894ae40_0;
    %store/vec4a v0xc6894b0c0, 4, 0;
    ; show_stmt_assign_vector: Get l-value for compressed += operand
    %load/vec4 v0xc6894ae40_0;
    %pushi/vec4 1, 0, 32;
    %add;
    %cast2;
    %store/vec4 v0xc6894ae40_0, 0, 32;
    %jmp T_46.0;
T_46.1 ;
    %end;
    .scope S_0xc6912f600;
t_46 %join;
    %end;
    .thread T_46;
    .scope S_0xc6912f600;
T_47 ;
    %wait E_0xc69118680;
    %load/vec4 v0xc6894b160_0;
    %nor/r;
    %flag_set/vec4 8;
    %jmp/0xz  T_47.0, 8;
    %pushi/vec4 0, 0, 8;
    %assign/vec4 v0xc6894b020_0, 0;
    %jmp T_47.1;
T_47.0 ;
    %load/vec4 v0xc6894af80_0;
    %pad/u 10;
    %ix/vec4 4;
    %load/vec4a v0xc6894b0c0, 4;
    %assign/vec4 v0xc6894b020_0, 0;
T_47.1 ;
    %jmp T_47;
    .thread T_47;
    .scope S_0xc6912f900;
T_48 ;
    %fork t_49, S_0xc6912fa80;
    %jmp t_48;
    .scope S_0xc6912fa80;
t_49 ;
    %pushi/vec4 0, 0, 32;
    %store/vec4 v0xc6894b480_0, 0, 32;
T_48.0 ;
    %load/vec4 v0xc6894b480_0;
    %cmpi/s 256, 0, 32;
    %jmp/0xz T_48.1, 5;
    %load/vec4 v0xc6894b480_0;
    %parti/s 8, 0, 2;
    %pad/u 1;
    %pad/u 8;
    %ix/getv/s 4, v0xc6894b480_0;
    %store/vec4a v0xc6894b700, 4, 0;
    ; show_stmt_assign_vector: Get l-value for compressed += operand
    %load/vec4 v0xc6894b480_0;
    %pushi/vec4 1, 0, 32;
    %add;
    %cast2;
    %store/vec4 v0xc6894b480_0, 0, 32;
    %jmp T_48.0;
T_48.1 ;
    %end;
    .scope S_0xc6912f900;
t_48 %join;
    %end;
    .thread T_48;
    .scope S_0xc6912f900;
T_49 ;
    %wait E_0xc691186c0;
    %load/vec4 v0xc6894b7a0_0;
    %nor/r;
    %flag_set/vec4 8;
    %jmp/0xz  T_49.0, 8;
    %pushi/vec4 0, 0, 8;
    %assign/vec4 v0xc6894b660_0, 0;
    %jmp T_49.1;
T_49.0 ;
    %load/vec4 v0xc6894b5c0_0;
    %pad/u 10;
    %ix/vec4 4;
    %load/vec4a v0xc6894b700, 4;
    %assign/vec4 v0xc6894b660_0, 0;
T_49.1 ;
    %jmp T_49;
    .thread T_49;
    .scope S_0xc6912fc00;
T_50 ;
    %fork t_51, S_0xc6912fd80;
    %jmp t_50;
    .scope S_0xc6912fd80;
t_51 ;
    %pushi/vec4 0, 0, 32;
    %store/vec4 v0xc6894bac0_0, 0, 32;
T_50.0 ;
    %load/vec4 v0xc6894bac0_0;
    %cmpi/s 256, 0, 32;
    %jmp/0xz T_50.1, 5;
    %load/vec4 v0xc6894bac0_0;
    %parti/s 8, 0, 2;
    %pad/u 1;
    %pad/u 8;
    %ix/getv/s 4, v0xc6894bac0_0;
    %store/vec4a v0xc6894bd40, 4, 0;
    ; show_stmt_assign_vector: Get l-value for compressed += operand
    %load/vec4 v0xc6894bac0_0;
    %pushi/vec4 1, 0, 32;
    %add;
    %cast2;
    %store/vec4 v0xc6894bac0_0, 0, 32;
    %jmp T_50.0;
T_50.1 ;
    %end;
    .scope S_0xc6912fc00;
t_50 %join;
    %end;
    .thread T_50;
    .scope S_0xc6912fc00;
T_51 ;
    %wait E_0xc69118700;
    %load/vec4 v0xc6894bde0_0;
    %nor/r;
    %flag_set/vec4 8;
    %jmp/0xz  T_51.0, 8;
    %pushi/vec4 0, 0, 8;
    %assign/vec4 v0xc6894bca0_0, 0;
    %jmp T_51.1;
T_51.0 ;
    %load/vec4 v0xc6894bc00_0;
    %pad/u 10;
    %ix/vec4 4;
    %load/vec4a v0xc6894bd40, 4;
    %assign/vec4 v0xc6894bca0_0, 0;
T_51.1 ;
    %jmp T_51;
    .thread T_51;
    .scope S_0xc69138000;
T_52 ;
    %fork t_53, S_0xc69138180;
    %jmp t_52;
    .scope S_0xc69138180;
t_53 ;
    %pushi/vec4 0, 0, 32;
    %store/vec4 v0xc6894c140_0, 0, 32;
T_52.0 ;
    %load/vec4 v0xc6894c140_0;
    %cmpi/s 256, 0, 32;
    %jmp/0xz T_52.1, 5;
    %load/vec4 v0xc6894c140_0;
    %parti/s 8, 0, 2;
    %pad/u 1;
    %pad/u 8;
    %ix/getv/s 4, v0xc6894c140_0;
    %store/vec4a v0xc6894c3c0, 4, 0;
    ; show_stmt_assign_vector: Get l-value for compressed += operand
    %load/vec4 v0xc6894c140_0;
    %pushi/vec4 1, 0, 32;
    %add;
    %cast2;
    %store/vec4 v0xc6894c140_0, 0, 32;
    %jmp T_52.0;
T_52.1 ;
    %end;
    .scope S_0xc69138000;
t_52 %join;
    %end;
    .thread T_52;
    .scope S_0xc69138000;
T_53 ;
    %wait E_0xc69118740;
    %load/vec4 v0xc6894c460_0;
    %nor/r;
    %flag_set/vec4 8;
    %jmp/0xz  T_53.0, 8;
    %pushi/vec4 0, 0, 8;
    %assign/vec4 v0xc6894c320_0, 0;
    %jmp T_53.1;
T_53.0 ;
    %load/vec4 v0xc6894c280_0;
    %pad/u 10;
    %ix/vec4 4;
    %load/vec4a v0xc6894c3c0, 4;
    %assign/vec4 v0xc6894c320_0, 0;
T_53.1 ;
    %jmp T_53;
    .thread T_53;
    .scope S_0xc69138300;
T_54 ;
    %fork t_55, S_0xc69138480;
    %jmp t_54;
    .scope S_0xc69138480;
t_55 ;
    %pushi/vec4 0, 0, 32;
    %store/vec4 v0xc6894c780_0, 0, 32;
T_54.0 ;
    %load/vec4 v0xc6894c780_0;
    %cmpi/s 256, 0, 32;
    %jmp/0xz T_54.1, 5;
    %load/vec4 v0xc6894c780_0;
    %parti/s 8, 0, 2;
    %pad/u 1;
    %pad/u 8;
    %ix/getv/s 4, v0xc6894c780_0;
    %store/vec4a v0xc6894ca00, 4, 0;
    ; show_stmt_assign_vector: Get l-value for compressed += operand
    %load/vec4 v0xc6894c780_0;
    %pushi/vec4 1, 0, 32;
    %add;
    %cast2;
    %store/vec4 v0xc6894c780_0, 0, 32;
    %jmp T_54.0;
T_54.1 ;
    %end;
    .scope S_0xc69138300;
t_54 %join;
    %end;
    .thread T_54;
    .scope S_0xc69138300;
T_55 ;
    %wait E_0xc69118780;
    %load/vec4 v0xc6894caa0_0;
    %nor/r;
    %flag_set/vec4 8;
    %jmp/0xz  T_55.0, 8;
    %pushi/vec4 0, 0, 8;
    %assign/vec4 v0xc6894c960_0, 0;
    %jmp T_55.1;
T_55.0 ;
    %load/vec4 v0xc6894c8c0_0;
    %pad/u 10;
    %ix/vec4 4;
    %load/vec4a v0xc6894ca00, 4;
    %assign/vec4 v0xc6894c960_0, 0;
T_55.1 ;
    %jmp T_55;
    .thread T_55;
    .scope S_0xc69138600;
T_56 ;
    %fork t_57, S_0xc69138780;
    %jmp t_56;
    .scope S_0xc69138780;
t_57 ;
    %pushi/vec4 0, 0, 32;
    %store/vec4 v0xc6894cdc0_0, 0, 32;
T_56.0 ;
    %load/vec4 v0xc6894cdc0_0;
    %cmpi/s 256, 0, 32;
    %jmp/0xz T_56.1, 5;
    %load/vec4 v0xc6894cdc0_0;
    %parti/s 8, 0, 2;
    %pad/u 1;
    %pad/u 8;
    %ix/getv/s 4, v0xc6894cdc0_0;
    %store/vec4a v0xc6894d040, 4, 0;
    ; show_stmt_assign_vector: Get l-value for compressed += operand
    %load/vec4 v0xc6894cdc0_0;
    %pushi/vec4 1, 0, 32;
    %add;
    %cast2;
    %store/vec4 v0xc6894cdc0_0, 0, 32;
    %jmp T_56.0;
T_56.1 ;
    %end;
    .scope S_0xc69138600;
t_56 %join;
    %end;
    .thread T_56;
    .scope S_0xc69138600;
T_57 ;
    %wait E_0xc691187c0;
    %load/vec4 v0xc6894d0e0_0;
    %nor/r;
    %flag_set/vec4 8;
    %jmp/0xz  T_57.0, 8;
    %pushi/vec4 0, 0, 8;
    %assign/vec4 v0xc6894cfa0_0, 0;
    %jmp T_57.1;
T_57.0 ;
    %load/vec4 v0xc6894cf00_0;
    %pad/u 10;
    %ix/vec4 4;
    %load/vec4a v0xc6894d040, 4;
    %assign/vec4 v0xc6894cfa0_0, 0;
T_57.1 ;
    %jmp T_57;
    .thread T_57;
    .scope S_0xc69138900;
T_58 ;
    %fork t_59, S_0xc69138a80;
    %jmp t_58;
    .scope S_0xc69138a80;
t_59 ;
    %pushi/vec4 0, 0, 32;
    %store/vec4 v0xc6894d400_0, 0, 32;
T_58.0 ;
    %load/vec4 v0xc6894d400_0;
    %cmpi/s 256, 0, 32;
    %jmp/0xz T_58.1, 5;
    %load/vec4 v0xc6894d400_0;
    %parti/s 8, 0, 2;
    %pad/u 1;
    %pad/u 8;
    %ix/getv/s 4, v0xc6894d400_0;
    %store/vec4a v0xc6894d680, 4, 0;
    ; show_stmt_assign_vector: Get l-value for compressed += operand
    %load/vec4 v0xc6894d400_0;
    %pushi/vec4 1, 0, 32;
    %add;
    %cast2;
    %store/vec4 v0xc6894d400_0, 0, 32;
    %jmp T_58.0;
T_58.1 ;
    %end;
    .scope S_0xc69138900;
t_58 %join;
    %end;
    .thread T_58;
    .scope S_0xc69138900;
T_59 ;
    %wait E_0xc69118800;
    %load/vec4 v0xc6894d720_0;
    %nor/r;
    %flag_set/vec4 8;
    %jmp/0xz  T_59.0, 8;
    %pushi/vec4 0, 0, 8;
    %assign/vec4 v0xc6894d5e0_0, 0;
    %jmp T_59.1;
T_59.0 ;
    %load/vec4 v0xc6894d540_0;
    %pad/u 10;
    %ix/vec4 4;
    %load/vec4a v0xc6894d680, 4;
    %assign/vec4 v0xc6894d5e0_0, 0;
T_59.1 ;
    %jmp T_59;
    .thread T_59;
    .scope S_0xc69138c00;
T_60 ;
    %fork t_61, S_0xc69138d80;
    %jmp t_60;
    .scope S_0xc69138d80;
t_61 ;
    %pushi/vec4 0, 0, 32;
    %store/vec4 v0xc6894da40_0, 0, 32;
T_60.0 ;
    %load/vec4 v0xc6894da40_0;
    %cmpi/s 256, 0, 32;
    %jmp/0xz T_60.1, 5;
    %load/vec4 v0xc6894da40_0;
    %parti/s 8, 0, 2;
    %pad/u 1;
    %pad/u 8;
    %ix/getv/s 4, v0xc6894da40_0;
    %store/vec4a v0xc6894dcc0, 4, 0;
    ; show_stmt_assign_vector: Get l-value for compressed += operand
    %load/vec4 v0xc6894da40_0;
    %pushi/vec4 1, 0, 32;
    %add;
    %cast2;
    %store/vec4 v0xc6894da40_0, 0, 32;
    %jmp T_60.0;
T_60.1 ;
    %end;
    .scope S_0xc69138c00;
t_60 %join;
    %end;
    .thread T_60;
    .scope S_0xc69138c00;
T_61 ;
    %wait E_0xc69118840;
    %load/vec4 v0xc6894dd60_0;
    %nor/r;
    %flag_set/vec4 8;
    %jmp/0xz  T_61.0, 8;
    %pushi/vec4 0, 0, 8;
    %assign/vec4 v0xc6894dc20_0, 0;
    %jmp T_61.1;
T_61.0 ;
    %load/vec4 v0xc6894db80_0;
    %pad/u 10;
    %ix/vec4 4;
    %load/vec4a v0xc6894dcc0, 4;
    %assign/vec4 v0xc6894dc20_0, 0;
T_61.1 ;
    %jmp T_61;
    .thread T_61;
    .scope S_0xc69138f00;
T_62 ;
    %fork t_63, S_0xc69139080;
    %jmp t_62;
    .scope S_0xc69139080;
t_63 ;
    %pushi/vec4 0, 0, 32;
    %store/vec4 v0xc6894e080_0, 0, 32;
T_62.0 ;
    %load/vec4 v0xc6894e080_0;
    %cmpi/s 256, 0, 32;
    %jmp/0xz T_62.1, 5;
    %load/vec4 v0xc6894e080_0;
    %parti/s 8, 0, 2;
    %pad/u 1;
    %pad/u 8;
    %ix/getv/s 4, v0xc6894e080_0;
    %store/vec4a v0xc6894e300, 4, 0;
    ; show_stmt_assign_vector: Get l-value for compressed += operand
    %load/vec4 v0xc6894e080_0;
    %pushi/vec4 1, 0, 32;
    %add;
    %cast2;
    %store/vec4 v0xc6894e080_0, 0, 32;
    %jmp T_62.0;
T_62.1 ;
    %end;
    .scope S_0xc69138f00;
t_62 %join;
    %end;
    .thread T_62;
    .scope S_0xc69138f00;
T_63 ;
    %wait E_0xc69118880;
    %load/vec4 v0xc6894e3a0_0;
    %nor/r;
    %flag_set/vec4 8;
    %jmp/0xz  T_63.0, 8;
    %pushi/vec4 0, 0, 8;
    %assign/vec4 v0xc6894e260_0, 0;
    %jmp T_63.1;
T_63.0 ;
    %load/vec4 v0xc6894e1c0_0;
    %pad/u 10;
    %ix/vec4 4;
    %load/vec4a v0xc6894e300, 4;
    %assign/vec4 v0xc6894e260_0, 0;
T_63.1 ;
    %jmp T_63;
    .thread T_63;
    .scope S_0xc69139200;
T_64 ;
    %fork t_65, S_0xc69139380;
    %jmp t_64;
    .scope S_0xc69139380;
t_65 ;
    %pushi/vec4 0, 0, 32;
    %store/vec4 v0xc6894e6c0_0, 0, 32;
T_64.0 ;
    %load/vec4 v0xc6894e6c0_0;
    %cmpi/s 256, 0, 32;
    %jmp/0xz T_64.1, 5;
    %load/vec4 v0xc6894e6c0_0;
    %parti/s 8, 0, 2;
    %pad/u 1;
    %pad/u 8;
    %ix/getv/s 4, v0xc6894e6c0_0;
    %store/vec4a v0xc6894e940, 4, 0;
    ; show_stmt_assign_vector: Get l-value for compressed += operand
    %load/vec4 v0xc6894e6c0_0;
    %pushi/vec4 1, 0, 32;
    %add;
    %cast2;
    %store/vec4 v0xc6894e6c0_0, 0, 32;
    %jmp T_64.0;
T_64.1 ;
    %end;
    .scope S_0xc69139200;
t_64 %join;
    %end;
    .thread T_64;
    .scope S_0xc69139200;
T_65 ;
    %wait E_0xc691188c0;
    %load/vec4 v0xc6894e9e0_0;
    %nor/r;
    %flag_set/vec4 8;
    %jmp/0xz  T_65.0, 8;
    %pushi/vec4 0, 0, 8;
    %assign/vec4 v0xc6894e8a0_0, 0;
    %jmp T_65.1;
T_65.0 ;
    %load/vec4 v0xc6894e800_0;
    %pad/u 10;
    %ix/vec4 4;
    %load/vec4a v0xc6894e940, 4;
    %assign/vec4 v0xc6894e8a0_0, 0;
T_65.1 ;
    %jmp T_65;
    .thread T_65;
    .scope S_0xc69139500;
T_66 ;
    %fork t_67, S_0xc69139680;
    %jmp t_66;
    .scope S_0xc69139680;
t_67 ;
    %pushi/vec4 0, 0, 32;
    %store/vec4 v0xc6894ed00_0, 0, 32;
T_66.0 ;
    %load/vec4 v0xc6894ed00_0;
    %cmpi/s 256, 0, 32;
    %jmp/0xz T_66.1, 5;
    %load/vec4 v0xc6894ed00_0;
    %parti/s 8, 0, 2;
    %pad/u 1;
    %pad/u 8;
    %ix/getv/s 4, v0xc6894ed00_0;
    %store/vec4a v0xc6894ef80, 4, 0;
    ; show_stmt_assign_vector: Get l-value for compressed += operand
    %load/vec4 v0xc6894ed00_0;
    %pushi/vec4 1, 0, 32;
    %add;
    %cast2;
    %store/vec4 v0xc6894ed00_0, 0, 32;
    %jmp T_66.0;
T_66.1 ;
    %end;
    .scope S_0xc69139500;
t_66 %join;
    %end;
    .thread T_66;
    .scope S_0xc69139500;
T_67 ;
    %wait E_0xc69118900;
    %load/vec4 v0xc6894f020_0;
    %nor/r;
    %flag_set/vec4 8;
    %jmp/0xz  T_67.0, 8;
    %pushi/vec4 0, 0, 8;
    %assign/vec4 v0xc6894eee0_0, 0;
    %jmp T_67.1;
T_67.0 ;
    %load/vec4 v0xc6894ee40_0;
    %pad/u 10;
    %ix/vec4 4;
    %load/vec4a v0xc6894ef80, 4;
    %assign/vec4 v0xc6894eee0_0, 0;
T_67.1 ;
    %jmp T_67;
    .thread T_67;
    .scope S_0xc69139800;
T_68 ;
    %fork t_69, S_0xc69139980;
    %jmp t_68;
    .scope S_0xc69139980;
t_69 ;
    %pushi/vec4 0, 0, 32;
    %store/vec4 v0xc6894f340_0, 0, 32;
T_68.0 ;
    %load/vec4 v0xc6894f340_0;
    %cmpi/s 256, 0, 32;
    %jmp/0xz T_68.1, 5;
    %load/vec4 v0xc6894f340_0;
    %parti/s 8, 0, 2;
    %pad/u 1;
    %pad/u 8;
    %ix/getv/s 4, v0xc6894f340_0;
    %store/vec4a v0xc6894f5c0, 4, 0;
    ; show_stmt_assign_vector: Get l-value for compressed += operand
    %load/vec4 v0xc6894f340_0;
    %pushi/vec4 1, 0, 32;
    %add;
    %cast2;
    %store/vec4 v0xc6894f340_0, 0, 32;
    %jmp T_68.0;
T_68.1 ;
    %end;
    .scope S_0xc69139800;
t_68 %join;
    %end;
    .thread T_68;
    .scope S_0xc69139800;
T_69 ;
    %wait E_0xc69118940;
    %load/vec4 v0xc6894f660_0;
    %nor/r;
    %flag_set/vec4 8;
    %jmp/0xz  T_69.0, 8;
    %pushi/vec4 0, 0, 8;
    %assign/vec4 v0xc6894f520_0, 0;
    %jmp T_69.1;
T_69.0 ;
    %load/vec4 v0xc6894f480_0;
    %pad/u 10;
    %ix/vec4 4;
    %load/vec4a v0xc6894f5c0, 4;
    %assign/vec4 v0xc6894f520_0, 0;
T_69.1 ;
    %jmp T_69;
    .thread T_69;
    .scope S_0xc69139b00;
T_70 ;
    %fork t_71, S_0xc69139c80;
    %jmp t_70;
    .scope S_0xc69139c80;
t_71 ;
    %pushi/vec4 0, 0, 32;
    %store/vec4 v0xc6894f980_0, 0, 32;
T_70.0 ;
    %load/vec4 v0xc6894f980_0;
    %cmpi/s 256, 0, 32;
    %jmp/0xz T_70.1, 5;
    %load/vec4 v0xc6894f980_0;
    %parti/s 8, 0, 2;
    %pad/u 1;
    %pad/u 8;
    %ix/getv/s 4, v0xc6894f980_0;
    %store/vec4a v0xc6894fc00, 4, 0;
    ; show_stmt_assign_vector: Get l-value for compressed += operand
    %load/vec4 v0xc6894f980_0;
    %pushi/vec4 1, 0, 32;
    %add;
    %cast2;
    %store/vec4 v0xc6894f980_0, 0, 32;
    %jmp T_70.0;
T_70.1 ;
    %end;
    .scope S_0xc69139b00;
t_70 %join;
    %end;
    .thread T_70;
    .scope S_0xc69139b00;
T_71 ;
    %wait E_0xc69118980;
    %load/vec4 v0xc6894fca0_0;
    %nor/r;
    %flag_set/vec4 8;
    %jmp/0xz  T_71.0, 8;
    %pushi/vec4 0, 0, 8;
    %assign/vec4 v0xc6894fb60_0, 0;
    %jmp T_71.1;
T_71.0 ;
    %load/vec4 v0xc6894fac0_0;
    %pad/u 10;
    %ix/vec4 4;
    %load/vec4a v0xc6894fc00, 4;
    %assign/vec4 v0xc6894fb60_0, 0;
T_71.1 ;
    %jmp T_71;
    .thread T_71;
    .scope S_0xc69139e00;
T_72 ;
    %fork t_73, S_0xc69139f80;
    %jmp t_72;
    .scope S_0xc69139f80;
t_73 ;
    %pushi/vec4 0, 0, 32;
    %store/vec4 v0xc68950000_0, 0, 32;
T_72.0 ;
    %load/vec4 v0xc68950000_0;
    %cmpi/s 256, 0, 32;
    %jmp/0xz T_72.1, 5;
    %load/vec4 v0xc68950000_0;
    %parti/s 8, 0, 2;
    %pad/u 1;
    %pad/u 8;
    %ix/getv/s 4, v0xc68950000_0;
    %store/vec4a v0xc68950280, 4, 0;
    ; show_stmt_assign_vector: Get l-value for compressed += operand
    %load/vec4 v0xc68950000_0;
    %pushi/vec4 1, 0, 32;
    %add;
    %cast2;
    %store/vec4 v0xc68950000_0, 0, 32;
    %jmp T_72.0;
T_72.1 ;
    %end;
    .scope S_0xc69139e00;
t_72 %join;
    %end;
    .thread T_72;
    .scope S_0xc69139e00;
T_73 ;
    %wait E_0xc691189c0;
    %load/vec4 v0xc68950320_0;
    %nor/r;
    %flag_set/vec4 8;
    %jmp/0xz  T_73.0, 8;
    %pushi/vec4 0, 0, 8;
    %assign/vec4 v0xc689501e0_0, 0;
    %jmp T_73.1;
T_73.0 ;
    %load/vec4 v0xc68950140_0;
    %pad/u 10;
    %ix/vec4 4;
    %load/vec4a v0xc68950280, 4;
    %assign/vec4 v0xc689501e0_0, 0;
T_73.1 ;
    %jmp T_73;
    .thread T_73;
    .scope S_0xc6913a100;
T_74 ;
    %fork t_75, S_0xc6913a280;
    %jmp t_74;
    .scope S_0xc6913a280;
t_75 ;
    %pushi/vec4 0, 0, 32;
    %store/vec4 v0xc68950640_0, 0, 32;
T_74.0 ;
    %load/vec4 v0xc68950640_0;
    %cmpi/s 256, 0, 32;
    %jmp/0xz T_74.1, 5;
    %load/vec4 v0xc68950640_0;
    %parti/s 8, 0, 2;
    %pad/u 1;
    %pad/u 8;
    %ix/getv/s 4, v0xc68950640_0;
    %store/vec4a v0xc689508c0, 4, 0;
    ; show_stmt_assign_vector: Get l-value for compressed += operand
    %load/vec4 v0xc68950640_0;
    %pushi/vec4 1, 0, 32;
    %add;
    %cast2;
    %store/vec4 v0xc68950640_0, 0, 32;
    %jmp T_74.0;
T_74.1 ;
    %end;
    .scope S_0xc6913a100;
t_74 %join;
    %end;
    .thread T_74;
    .scope S_0xc6913a100;
T_75 ;
    %wait E_0xc69118a00;
    %load/vec4 v0xc68950960_0;
    %nor/r;
    %flag_set/vec4 8;
    %jmp/0xz  T_75.0, 8;
    %pushi/vec4 0, 0, 8;
    %assign/vec4 v0xc68950820_0, 0;
    %jmp T_75.1;
T_75.0 ;
    %load/vec4 v0xc68950780_0;
    %pad/u 10;
    %ix/vec4 4;
    %load/vec4a v0xc689508c0, 4;
    %assign/vec4 v0xc68950820_0, 0;
T_75.1 ;
    %jmp T_75;
    .thread T_75;
    .scope S_0xc6913a400;
T_76 ;
    %fork t_77, S_0xc6913a580;
    %jmp t_76;
    .scope S_0xc6913a580;
t_77 ;
    %pushi/vec4 0, 0, 32;
    %store/vec4 v0xc68950c80_0, 0, 32;
T_76.0 ;
    %load/vec4 v0xc68950c80_0;
    %cmpi/s 256, 0, 32;
    %jmp/0xz T_76.1, 5;
    %load/vec4 v0xc68950c80_0;
    %parti/s 8, 0, 2;
    %pad/u 1;
    %pad/u 8;
    %ix/getv/s 4, v0xc68950c80_0;
    %store/vec4a v0xc68950f00, 4, 0;
    ; show_stmt_assign_vector: Get l-value for compressed += operand
    %load/vec4 v0xc68950c80_0;
    %pushi/vec4 1, 0, 32;
    %add;
    %cast2;
    %store/vec4 v0xc68950c80_0, 0, 32;
    %jmp T_76.0;
T_76.1 ;
    %end;
    .scope S_0xc6913a400;
t_76 %join;
    %end;
    .thread T_76;
    .scope S_0xc6913a400;
T_77 ;
    %wait E_0xc69118a40;
    %load/vec4 v0xc68950fa0_0;
    %nor/r;
    %flag_set/vec4 8;
    %jmp/0xz  T_77.0, 8;
    %pushi/vec4 0, 0, 8;
    %assign/vec4 v0xc68950e60_0, 0;
    %jmp T_77.1;
T_77.0 ;
    %load/vec4 v0xc68950dc0_0;
    %pad/u 10;
    %ix/vec4 4;
    %load/vec4a v0xc68950f00, 4;
    %assign/vec4 v0xc68950e60_0, 0;
T_77.1 ;
    %jmp T_77;
    .thread T_77;
    .scope S_0xc6913a700;
T_78 ;
    %fork t_79, S_0xc6913a880;
    %jmp t_78;
    .scope S_0xc6913a880;
t_79 ;
    %pushi/vec4 0, 0, 32;
    %store/vec4 v0xc689512c0_0, 0, 32;
T_78.0 ;
    %load/vec4 v0xc689512c0_0;
    %cmpi/s 256, 0, 32;
    %jmp/0xz T_78.1, 5;
    %load/vec4 v0xc689512c0_0;
    %parti/s 8, 0, 2;
    %pad/u 1;
    %pad/u 8;
    %ix/getv/s 4, v0xc689512c0_0;
    %store/vec4a v0xc68951540, 4, 0;
    ; show_stmt_assign_vector: Get l-value for compressed += operand
    %load/vec4 v0xc689512c0_0;
    %pushi/vec4 1, 0, 32;
    %add;
    %cast2;
    %store/vec4 v0xc689512c0_0, 0, 32;
    %jmp T_78.0;
T_78.1 ;
    %end;
    .scope S_0xc6913a700;
t_78 %join;
    %end;
    .thread T_78;
    .scope S_0xc6913a700;
T_79 ;
    %wait E_0xc69118a80;
    %load/vec4 v0xc689515e0_0;
    %nor/r;
    %flag_set/vec4 8;
    %jmp/0xz  T_79.0, 8;
    %pushi/vec4 0, 0, 8;
    %assign/vec4 v0xc689514a0_0, 0;
    %jmp T_79.1;
T_79.0 ;
    %load/vec4 v0xc68951400_0;
    %pad/u 10;
    %ix/vec4 4;
    %load/vec4a v0xc68951540, 4;
    %assign/vec4 v0xc689514a0_0, 0;
T_79.1 ;
    %jmp T_79;
    .thread T_79;
    .scope S_0xc6913aa00;
T_80 ;
    %fork t_81, S_0xc6913ab80;
    %jmp t_80;
    .scope S_0xc6913ab80;
t_81 ;
    %pushi/vec4 0, 0, 32;
    %store/vec4 v0xc68951900_0, 0, 32;
T_80.0 ;
    %load/vec4 v0xc68951900_0;
    %cmpi/s 256, 0, 32;
    %jmp/0xz T_80.1, 5;
    %load/vec4 v0xc68951900_0;
    %parti/s 8, 0, 2;
    %pad/u 1;
    %pad/u 8;
    %ix/getv/s 4, v0xc68951900_0;
    %store/vec4a v0xc68951b80, 4, 0;
    ; show_stmt_assign_vector: Get l-value for compressed += operand
    %load/vec4 v0xc68951900_0;
    %pushi/vec4 1, 0, 32;
    %add;
    %cast2;
    %store/vec4 v0xc68951900_0, 0, 32;
    %jmp T_80.0;
T_80.1 ;
    %end;
    .scope S_0xc6913aa00;
t_80 %join;
    %end;
    .thread T_80;
    .scope S_0xc6913aa00;
T_81 ;
    %wait E_0xc69118ac0;
    %load/vec4 v0xc68951c20_0;
    %nor/r;
    %flag_set/vec4 8;
    %jmp/0xz  T_81.0, 8;
    %pushi/vec4 0, 0, 8;
    %assign/vec4 v0xc68951ae0_0, 0;
    %jmp T_81.1;
T_81.0 ;
    %load/vec4 v0xc68951a40_0;
    %pad/u 10;
    %ix/vec4 4;
    %load/vec4a v0xc68951b80, 4;
    %assign/vec4 v0xc68951ae0_0, 0;
T_81.1 ;
    %jmp T_81;
    .thread T_81;
    .scope S_0xc6913ad00;
T_82 ;
    %fork t_83, S_0xc6913ae80;
    %jmp t_82;
    .scope S_0xc6913ae80;
t_83 ;
    %pushi/vec4 0, 0, 32;
    %store/vec4 v0xc68951f40_0, 0, 32;
T_82.0 ;
    %load/vec4 v0xc68951f40_0;
    %cmpi/s 256, 0, 32;
    %jmp/0xz T_82.1, 5;
    %load/vec4 v0xc68951f40_0;
    %parti/s 8, 0, 2;
    %pad/u 1;
    %pad/u 8;
    %ix/getv/s 4, v0xc68951f40_0;
    %store/vec4a v0xc689521c0, 4, 0;
    ; show_stmt_assign_vector: Get l-value for compressed += operand
    %load/vec4 v0xc68951f40_0;
    %pushi/vec4 1, 0, 32;
    %add;
    %cast2;
    %store/vec4 v0xc68951f40_0, 0, 32;
    %jmp T_82.0;
T_82.1 ;
    %end;
    .scope S_0xc6913ad00;
t_82 %join;
    %end;
    .thread T_82;
    .scope S_0xc6913ad00;
T_83 ;
    %wait E_0xc69118b00;
    %load/vec4 v0xc68952260_0;
    %nor/r;
    %flag_set/vec4 8;
    %jmp/0xz  T_83.0, 8;
    %pushi/vec4 0, 0, 8;
    %assign/vec4 v0xc68952120_0, 0;
    %jmp T_83.1;
T_83.0 ;
    %load/vec4 v0xc68952080_0;
    %pad/u 10;
    %ix/vec4 4;
    %load/vec4a v0xc689521c0, 4;
    %assign/vec4 v0xc68952120_0, 0;
T_83.1 ;
    %jmp T_83;
    .thread T_83;
    .scope S_0xc6913b000;
T_84 ;
    %fork t_85, S_0xc6913b180;
    %jmp t_84;
    .scope S_0xc6913b180;
t_85 ;
    %pushi/vec4 0, 0, 32;
    %store/vec4 v0xc68952580_0, 0, 32;
T_84.0 ;
    %load/vec4 v0xc68952580_0;
    %cmpi/s 256, 0, 32;
    %jmp/0xz T_84.1, 5;
    %load/vec4 v0xc68952580_0;
    %parti/s 8, 0, 2;
    %pad/u 1;
    %pad/u 8;
    %ix/getv/s 4, v0xc68952580_0;
    %store/vec4a v0xc68952800, 4, 0;
    ; show_stmt_assign_vector: Get l-value for compressed += operand
    %load/vec4 v0xc68952580_0;
    %pushi/vec4 1, 0, 32;
    %add;
    %cast2;
    %store/vec4 v0xc68952580_0, 0, 32;
    %jmp T_84.0;
T_84.1 ;
    %end;
    .scope S_0xc6913b000;
t_84 %join;
    %end;
    .thread T_84;
    .scope S_0xc6913b000;
T_85 ;
    %wait E_0xc69118b40;
    %load/vec4 v0xc689528a0_0;
    %nor/r;
    %flag_set/vec4 8;
    %jmp/0xz  T_85.0, 8;
    %pushi/vec4 0, 0, 8;
    %assign/vec4 v0xc68952760_0, 0;
    %jmp T_85.1;
T_85.0 ;
    %load/vec4 v0xc689526c0_0;
    %pad/u 10;
    %ix/vec4 4;
    %load/vec4a v0xc68952800, 4;
    %assign/vec4 v0xc68952760_0, 0;
T_85.1 ;
    %jmp T_85;
    .thread T_85;
    .scope S_0xc6913b300;
T_86 ;
    %fork t_87, S_0xc6913b480;
    %jmp t_86;
    .scope S_0xc6913b480;
t_87 ;
    %pushi/vec4 0, 0, 32;
    %store/vec4 v0xc68952bc0_0, 0, 32;
T_86.0 ;
    %load/vec4 v0xc68952bc0_0;
    %cmpi/s 256, 0, 32;
    %jmp/0xz T_86.1, 5;
    %load/vec4 v0xc68952bc0_0;
    %parti/s 8, 0, 2;
    %pad/u 1;
    %pad/u 8;
    %ix/getv/s 4, v0xc68952bc0_0;
    %store/vec4a v0xc68952e40, 4, 0;
    ; show_stmt_assign_vector: Get l-value for compressed += operand
    %load/vec4 v0xc68952bc0_0;
    %pushi/vec4 1, 0, 32;
    %add;
    %cast2;
    %store/vec4 v0xc68952bc0_0, 0, 32;
    %jmp T_86.0;
T_86.1 ;
    %end;
    .scope S_0xc6913b300;
t_86 %join;
    %end;
    .thread T_86;
    .scope S_0xc6913b300;
T_87 ;
    %wait E_0xc69118b80;
    %load/vec4 v0xc68952ee0_0;
    %nor/r;
    %flag_set/vec4 8;
    %jmp/0xz  T_87.0, 8;
    %pushi/vec4 0, 0, 8;
    %assign/vec4 v0xc68952da0_0, 0;
    %jmp T_87.1;
T_87.0 ;
    %load/vec4 v0xc68952d00_0;
    %pad/u 10;
    %ix/vec4 4;
    %load/vec4a v0xc68952e40, 4;
    %assign/vec4 v0xc68952da0_0, 0;
T_87.1 ;
    %jmp T_87;
    .thread T_87;
    .scope S_0xc6913b600;
T_88 ;
    %fork t_89, S_0xc6913b780;
    %jmp t_88;
    .scope S_0xc6913b780;
t_89 ;
    %pushi/vec4 0, 0, 32;
    %store/vec4 v0xc68953200_0, 0, 32;
T_88.0 ;
    %load/vec4 v0xc68953200_0;
    %cmpi/s 256, 0, 32;
    %jmp/0xz T_88.1, 5;
    %load/vec4 v0xc68953200_0;
    %parti/s 8, 0, 2;
    %pad/u 1;
    %pad/u 8;
    %ix/getv/s 4, v0xc68953200_0;
    %store/vec4a v0xc68953480, 4, 0;
    ; show_stmt_assign_vector: Get l-value for compressed += operand
    %load/vec4 v0xc68953200_0;
    %pushi/vec4 1, 0, 32;
    %add;
    %cast2;
    %store/vec4 v0xc68953200_0, 0, 32;
    %jmp T_88.0;
T_88.1 ;
    %end;
    .scope S_0xc6913b600;
t_88 %join;
    %end;
    .thread T_88;
    .scope S_0xc6913b600;
T_89 ;
    %wait E_0xc69118bc0;
    %load/vec4 v0xc68953520_0;
    %nor/r;
    %flag_set/vec4 8;
    %jmp/0xz  T_89.0, 8;
    %pushi/vec4 0, 0, 8;
    %assign/vec4 v0xc689533e0_0, 0;
    %jmp T_89.1;
T_89.0 ;
    %load/vec4 v0xc68953340_0;
    %pad/u 10;
    %ix/vec4 4;
    %load/vec4a v0xc68953480, 4;
    %assign/vec4 v0xc689533e0_0, 0;
T_89.1 ;
    %jmp T_89;
    .thread T_89;
    .scope S_0xc6913b900;
T_90 ;
    %fork t_91, S_0xc6913ba80;
    %jmp t_90;
    .scope S_0xc6913ba80;
t_91 ;
    %pushi/vec4 0, 0, 32;
    %store/vec4 v0xc68953840_0, 0, 32;
T_90.0 ;
    %load/vec4 v0xc68953840_0;
    %cmpi/s 256, 0, 32;
    %jmp/0xz T_90.1, 5;
    %load/vec4 v0xc68953840_0;
    %parti/s 8, 0, 2;
    %pad/u 1;
    %pad/u 8;
    %ix/getv/s 4, v0xc68953840_0;
    %store/vec4a v0xc68953ac0, 4, 0;
    ; show_stmt_assign_vector: Get l-value for compressed += operand
    %load/vec4 v0xc68953840_0;
    %pushi/vec4 1, 0, 32;
    %add;
    %cast2;
    %store/vec4 v0xc68953840_0, 0, 32;
    %jmp T_90.0;
T_90.1 ;
    %end;
    .scope S_0xc6913b900;
t_90 %join;
    %end;
    .thread T_90;
    .scope S_0xc6913b900;
T_91 ;
    %wait E_0xc69118c00;
    %load/vec4 v0xc68953b60_0;
    %nor/r;
    %flag_set/vec4 8;
    %jmp/0xz  T_91.0, 8;
    %pushi/vec4 0, 0, 8;
    %assign/vec4 v0xc68953a20_0, 0;
    %jmp T_91.1;
T_91.0 ;
    %load/vec4 v0xc68953980_0;
    %pad/u 10;
    %ix/vec4 4;
    %load/vec4a v0xc68953ac0, 4;
    %assign/vec4 v0xc68953a20_0, 0;
T_91.1 ;
    %jmp T_91;
    .thread T_91;
    .scope S_0xc6913bc00;
T_92 ;
    %fork t_93, S_0xc6913bd80;
    %jmp t_92;
    .scope S_0xc6913bd80;
t_93 ;
    %pushi/vec4 0, 0, 32;
    %store/vec4 v0xc68953e80_0, 0, 32;
T_92.0 ;
    %load/vec4 v0xc68953e80_0;
    %cmpi/s 256, 0, 32;
    %jmp/0xz T_92.1, 5;
    %load/vec4 v0xc68953e80_0;
    %parti/s 8, 0, 2;
    %pad/u 1;
    %pad/u 8;
    %ix/getv/s 4, v0xc68953e80_0;
    %store/vec4a v0xc68954140, 4, 0;
    ; show_stmt_assign_vector: Get l-value for compressed += operand
    %load/vec4 v0xc68953e80_0;
    %pushi/vec4 1, 0, 32;
    %add;
    %cast2;
    %store/vec4 v0xc68953e80_0, 0, 32;
    %jmp T_92.0;
T_92.1 ;
    %end;
    .scope S_0xc6913bc00;
t_92 %join;
    %end;
    .thread T_92;
    .scope S_0xc6913bc00;
T_93 ;
    %wait E_0xc69118c40;
    %load/vec4 v0xc689541e0_0;
    %nor/r;
    %flag_set/vec4 8;
    %jmp/0xz  T_93.0, 8;
    %pushi/vec4 0, 0, 8;
    %assign/vec4 v0xc689540a0_0, 0;
    %jmp T_93.1;
T_93.0 ;
    %load/vec4 v0xc68954000_0;
    %pad/u 10;
    %ix/vec4 4;
    %load/vec4a v0xc68954140, 4;
    %assign/vec4 v0xc689540a0_0, 0;
T_93.1 ;
    %jmp T_93;
    .thread T_93;
    .scope S_0xc6913c000;
T_94 ;
    %fork t_95, S_0xc6913c180;
    %jmp t_94;
    .scope S_0xc6913c180;
t_95 ;
    %pushi/vec4 0, 0, 32;
    %store/vec4 v0xc68954500_0, 0, 32;
T_94.0 ;
    %load/vec4 v0xc68954500_0;
    %cmpi/s 256, 0, 32;
    %jmp/0xz T_94.1, 5;
    %load/vec4 v0xc68954500_0;
    %parti/s 8, 0, 2;
    %pad/u 1;
    %pad/u 8;
    %ix/getv/s 4, v0xc68954500_0;
    %store/vec4a v0xc68954780, 4, 0;
    ; show_stmt_assign_vector: Get l-value for compressed += operand
    %load/vec4 v0xc68954500_0;
    %pushi/vec4 1, 0, 32;
    %add;
    %cast2;
    %store/vec4 v0xc68954500_0, 0, 32;
    %jmp T_94.0;
T_94.1 ;
    %end;
    .scope S_0xc6913c000;
t_94 %join;
    %end;
    .thread T_94;
    .scope S_0xc6913c000;
T_95 ;
    %wait E_0xc69118c80;
    %load/vec4 v0xc68954820_0;
    %nor/r;
    %flag_set/vec4 8;
    %jmp/0xz  T_95.0, 8;
    %pushi/vec4 0, 0, 8;
    %assign/vec4 v0xc689546e0_0, 0;
    %jmp T_95.1;
T_95.0 ;
    %load/vec4 v0xc68954640_0;
    %pad/u 10;
    %ix/vec4 4;
    %load/vec4a v0xc68954780, 4;
    %assign/vec4 v0xc689546e0_0, 0;
T_95.1 ;
    %jmp T_95;
    .thread T_95;
    .scope S_0xc6913c300;
T_96 ;
    %fork t_97, S_0xc6913c480;
    %jmp t_96;
    .scope S_0xc6913c480;
t_97 ;
    %pushi/vec4 0, 0, 32;
    %store/vec4 v0xc68954b40_0, 0, 32;
T_96.0 ;
    %load/vec4 v0xc68954b40_0;
    %cmpi/s 256, 0, 32;
    %jmp/0xz T_96.1, 5;
    %load/vec4 v0xc68954b40_0;
    %parti/s 8, 0, 2;
    %pad/u 1;
    %pad/u 8;
    %ix/getv/s 4, v0xc68954b40_0;
    %store/vec4a v0xc68954dc0, 4, 0;
    ; show_stmt_assign_vector: Get l-value for compressed += operand
    %load/vec4 v0xc68954b40_0;
    %pushi/vec4 1, 0, 32;
    %add;
    %cast2;
    %store/vec4 v0xc68954b40_0, 0, 32;
    %jmp T_96.0;
T_96.1 ;
    %end;
    .scope S_0xc6913c300;
t_96 %join;
    %end;
    .thread T_96;
    .scope S_0xc6913c300;
T_97 ;
    %wait E_0xc69118cc0;
    %load/vec4 v0xc68954e60_0;
    %nor/r;
    %flag_set/vec4 8;
    %jmp/0xz  T_97.0, 8;
    %pushi/vec4 0, 0, 8;
    %assign/vec4 v0xc68954d20_0, 0;
    %jmp T_97.1;
T_97.0 ;
    %load/vec4 v0xc68954c80_0;
    %pad/u 10;
    %ix/vec4 4;
    %load/vec4a v0xc68954dc0, 4;
    %assign/vec4 v0xc68954d20_0, 0;
T_97.1 ;
    %jmp T_97;
    .thread T_97;
    .scope S_0xc6913c600;
T_98 ;
    %fork t_99, S_0xc6913c780;
    %jmp t_98;
    .scope S_0xc6913c780;
t_99 ;
    %pushi/vec4 0, 0, 32;
    %store/vec4 v0xc68955180_0, 0, 32;
T_98.0 ;
    %load/vec4 v0xc68955180_0;
    %cmpi/s 256, 0, 32;
    %jmp/0xz T_98.1, 5;
    %load/vec4 v0xc68955180_0;
    %parti/s 8, 0, 2;
    %pad/u 1;
    %pad/u 8;
    %ix/getv/s 4, v0xc68955180_0;
    %store/vec4a v0xc68955400, 4, 0;
    ; show_stmt_assign_vector: Get l-value for compressed += operand
    %load/vec4 v0xc68955180_0;
    %pushi/vec4 1, 0, 32;
    %add;
    %cast2;
    %store/vec4 v0xc68955180_0, 0, 32;
    %jmp T_98.0;
T_98.1 ;
    %end;
    .scope S_0xc6913c600;
t_98 %join;
    %end;
    .thread T_98;
    .scope S_0xc6913c600;
T_99 ;
    %wait E_0xc69118d00;
    %load/vec4 v0xc689554a0_0;
    %nor/r;
    %flag_set/vec4 8;
    %jmp/0xz  T_99.0, 8;
    %pushi/vec4 0, 0, 8;
    %assign/vec4 v0xc68955360_0, 0;
    %jmp T_99.1;
T_99.0 ;
    %load/vec4 v0xc689552c0_0;
    %pad/u 10;
    %ix/vec4 4;
    %load/vec4a v0xc68955400, 4;
    %assign/vec4 v0xc68955360_0, 0;
T_99.1 ;
    %jmp T_99;
    .thread T_99;
    .scope S_0xc6913c900;
T_100 ;
    %fork t_101, S_0xc6913ca80;
    %jmp t_100;
    .scope S_0xc6913ca80;
t_101 ;
    %pushi/vec4 0, 0, 32;
    %store/vec4 v0xc689557c0_0, 0, 32;
T_100.0 ;
    %load/vec4 v0xc689557c0_0;
    %cmpi/s 256, 0, 32;
    %jmp/0xz T_100.1, 5;
    %load/vec4 v0xc689557c0_0;
    %parti/s 8, 0, 2;
    %pad/u 1;
    %pad/u 8;
    %ix/getv/s 4, v0xc689557c0_0;
    %store/vec4a v0xc68955a40, 4, 0;
    ; show_stmt_assign_vector: Get l-value for compressed += operand
    %load/vec4 v0xc689557c0_0;
    %pushi/vec4 1, 0, 32;
    %add;
    %cast2;
    %store/vec4 v0xc689557c0_0, 0, 32;
    %jmp T_100.0;
T_100.1 ;
    %end;
    .scope S_0xc6913c900;
t_100 %join;
    %end;
    .thread T_100;
    .scope S_0xc6913c900;
T_101 ;
    %wait E_0xc69118d40;
    %load/vec4 v0xc68955ae0_0;
    %nor/r;
    %flag_set/vec4 8;
    %jmp/0xz  T_101.0, 8;
    %pushi/vec4 0, 0, 8;
    %assign/vec4 v0xc689559a0_0, 0;
    %jmp T_101.1;
T_101.0 ;
    %load/vec4 v0xc68955900_0;
    %pad/u 10;
    %ix/vec4 4;
    %load/vec4a v0xc68955a40, 4;
    %assign/vec4 v0xc689559a0_0, 0;
T_101.1 ;
    %jmp T_101;
    .thread T_101;
    .scope S_0xc6913cc00;
T_102 ;
    %fork t_103, S_0xc6913cd80;
    %jmp t_102;
    .scope S_0xc6913cd80;
t_103 ;
    %pushi/vec4 0, 0, 32;
    %store/vec4 v0xc68955e00_0, 0, 32;
T_102.0 ;
    %load/vec4 v0xc68955e00_0;
    %cmpi/s 256, 0, 32;
    %jmp/0xz T_102.1, 5;
    %load/vec4 v0xc68955e00_0;
    %parti/s 8, 0, 2;
    %pad/u 1;
    %pad/u 8;
    %ix/getv/s 4, v0xc68955e00_0;
    %store/vec4a v0xc68956080, 4, 0;
    ; show_stmt_assign_vector: Get l-value for compressed += operand
    %load/vec4 v0xc68955e00_0;
    %pushi/vec4 1, 0, 32;
    %add;
    %cast2;
    %store/vec4 v0xc68955e00_0, 0, 32;
    %jmp T_102.0;
T_102.1 ;
    %end;
    .scope S_0xc6913cc00;
t_102 %join;
    %end;
    .thread T_102;
    .scope S_0xc6913cc00;
T_103 ;
    %wait E_0xc69118d80;
    %load/vec4 v0xc68956120_0;
    %nor/r;
    %flag_set/vec4 8;
    %jmp/0xz  T_103.0, 8;
    %pushi/vec4 0, 0, 8;
    %assign/vec4 v0xc68955fe0_0, 0;
    %jmp T_103.1;
T_103.0 ;
    %load/vec4 v0xc68955f40_0;
    %pad/u 10;
    %ix/vec4 4;
    %load/vec4a v0xc68956080, 4;
    %assign/vec4 v0xc68955fe0_0, 0;
T_103.1 ;
    %jmp T_103;
    .thread T_103;
    .scope S_0xc6913cf00;
T_104 ;
    %fork t_105, S_0xc6913d080;
    %jmp t_104;
    .scope S_0xc6913d080;
t_105 ;
    %pushi/vec4 0, 0, 32;
    %store/vec4 v0xc68956440_0, 0, 32;
T_104.0 ;
    %load/vec4 v0xc68956440_0;
    %cmpi/s 256, 0, 32;
    %jmp/0xz T_104.1, 5;
    %load/vec4 v0xc68956440_0;
    %parti/s 8, 0, 2;
    %pad/u 1;
    %pad/u 8;
    %ix/getv/s 4, v0xc68956440_0;
    %store/vec4a v0xc689566c0, 4, 0;
    ; show_stmt_assign_vector: Get l-value for compressed += operand
    %load/vec4 v0xc68956440_0;
    %pushi/vec4 1, 0, 32;
    %add;
    %cast2;
    %store/vec4 v0xc68956440_0, 0, 32;
    %jmp T_104.0;
T_104.1 ;
    %end;
    .scope S_0xc6913cf00;
t_104 %join;
    %end;
    .thread T_104;
    .scope S_0xc6913cf00;
T_105 ;
    %wait E_0xc69118dc0;
    %load/vec4 v0xc68956760_0;
    %nor/r;
    %flag_set/vec4 8;
    %jmp/0xz  T_105.0, 8;
    %pushi/vec4 0, 0, 8;
    %assign/vec4 v0xc68956620_0, 0;
    %jmp T_105.1;
T_105.0 ;
    %load/vec4 v0xc68956580_0;
    %pad/u 10;
    %ix/vec4 4;
    %load/vec4a v0xc689566c0, 4;
    %assign/vec4 v0xc68956620_0, 0;
T_105.1 ;
    %jmp T_105;
    .thread T_105;
    .scope S_0xc6913d200;
T_106 ;
    %fork t_107, S_0xc6913d380;
    %jmp t_106;
    .scope S_0xc6913d380;
t_107 ;
    %pushi/vec4 0, 0, 32;
    %store/vec4 v0xc68956a80_0, 0, 32;
T_106.0 ;
    %load/vec4 v0xc68956a80_0;
    %cmpi/s 256, 0, 32;
    %jmp/0xz T_106.1, 5;
    %load/vec4 v0xc68956a80_0;
    %parti/s 8, 0, 2;
    %pad/u 1;
    %pad/u 8;
    %ix/getv/s 4, v0xc68956a80_0;
    %store/vec4a v0xc68956d00, 4, 0;
    ; show_stmt_assign_vector: Get l-value for compressed += operand
    %load/vec4 v0xc68956a80_0;
    %pushi/vec4 1, 0, 32;
    %add;
    %cast2;
    %store/vec4 v0xc68956a80_0, 0, 32;
    %jmp T_106.0;
T_106.1 ;
    %end;
    .scope S_0xc6913d200;
t_106 %join;
    %end;
    .thread T_106;
    .scope S_0xc6913d200;
T_107 ;
    %wait E_0xc69118e00;
    %load/vec4 v0xc68956da0_0;
    %nor/r;
    %flag_set/vec4 8;
    %jmp/0xz  T_107.0, 8;
    %pushi/vec4 0, 0, 8;
    %assign/vec4 v0xc68956c60_0, 0;
    %jmp T_107.1;
T_107.0 ;
    %load/vec4 v0xc68956bc0_0;
    %pad/u 10;
    %ix/vec4 4;
    %load/vec4a v0xc68956d00, 4;
    %assign/vec4 v0xc68956c60_0, 0;
T_107.1 ;
    %jmp T_107;
    .thread T_107;
    .scope S_0xc6913d500;
T_108 ;
    %fork t_109, S_0xc6913d680;
    %jmp t_108;
    .scope S_0xc6913d680;
t_109 ;
    %pushi/vec4 0, 0, 32;
    %store/vec4 v0xc689570c0_0, 0, 32;
T_108.0 ;
    %load/vec4 v0xc689570c0_0;
    %cmpi/s 256, 0, 32;
    %jmp/0xz T_108.1, 5;
    %load/vec4 v0xc689570c0_0;
    %parti/s 8, 0, 2;
    %pad/u 1;
    %pad/u 8;
    %ix/getv/s 4, v0xc689570c0_0;
    %store/vec4a v0xc68957340, 4, 0;
    ; show_stmt_assign_vector: Get l-value for compressed += operand
    %load/vec4 v0xc689570c0_0;
    %pushi/vec4 1, 0, 32;
    %add;
    %cast2;
    %store/vec4 v0xc689570c0_0, 0, 32;
    %jmp T_108.0;
T_108.1 ;
    %end;
    .scope S_0xc6913d500;
t_108 %join;
    %end;
    .thread T_108;
    .scope S_0xc6913d500;
T_109 ;
    %wait E_0xc69118e40;
    %load/vec4 v0xc689573e0_0;
    %nor/r;
    %flag_set/vec4 8;
    %jmp/0xz  T_109.0, 8;
    %pushi/vec4 0, 0, 8;
    %assign/vec4 v0xc689572a0_0, 0;
    %jmp T_109.1;
T_109.0 ;
    %load/vec4 v0xc68957200_0;
    %pad/u 10;
    %ix/vec4 4;
    %load/vec4a v0xc68957340, 4;
    %assign/vec4 v0xc689572a0_0, 0;
T_109.1 ;
    %jmp T_109;
    .thread T_109;
    .scope S_0xc6913d800;
T_110 ;
    %fork t_111, S_0xc6913d980;
    %jmp t_110;
    .scope S_0xc6913d980;
t_111 ;
    %pushi/vec4 0, 0, 32;
    %store/vec4 v0xc68957700_0, 0, 32;
T_110.0 ;
    %load/vec4 v0xc68957700_0;
    %cmpi/s 256, 0, 32;
    %jmp/0xz T_110.1, 5;
    %load/vec4 v0xc68957700_0;
    %parti/s 8, 0, 2;
    %pad/u 1;
    %pad/u 8;
    %ix/getv/s 4, v0xc68957700_0;
    %store/vec4a v0xc68957980, 4, 0;
    ; show_stmt_assign_vector: Get l-value for compressed += operand
    %load/vec4 v0xc68957700_0;
    %pushi/vec4 1, 0, 32;
    %add;
    %cast2;
    %store/vec4 v0xc68957700_0, 0, 32;
    %jmp T_110.0;
T_110.1 ;
    %end;
    .scope S_0xc6913d800;
t_110 %join;
    %end;
    .thread T_110;
    .scope S_0xc6913d800;
T_111 ;
    %wait E_0xc69118e80;
    %load/vec4 v0xc68957a20_0;
    %nor/r;
    %flag_set/vec4 8;
    %jmp/0xz  T_111.0, 8;
    %pushi/vec4 0, 0, 8;
    %assign/vec4 v0xc689578e0_0, 0;
    %jmp T_111.1;
T_111.0 ;
    %load/vec4 v0xc68957840_0;
    %pad/u 10;
    %ix/vec4 4;
    %load/vec4a v0xc68957980, 4;
    %assign/vec4 v0xc689578e0_0, 0;
T_111.1 ;
    %jmp T_111;
    .thread T_111;
    .scope S_0xc6913db00;
T_112 ;
    %fork t_113, S_0xc6913dc80;
    %jmp t_112;
    .scope S_0xc6913dc80;
t_113 ;
    %pushi/vec4 0, 0, 32;
    %store/vec4 v0xc68957d40_0, 0, 32;
T_112.0 ;
    %load/vec4 v0xc68957d40_0;
    %cmpi/s 256, 0, 32;
    %jmp/0xz T_112.1, 5;
    %load/vec4 v0xc68957d40_0;
    %parti/s 8, 0, 2;
    %pad/u 1;
    %pad/u 8;
    %ix/getv/s 4, v0xc68957d40_0;
    %store/vec4a v0xc6895c000, 4, 0;
    ; show_stmt_assign_vector: Get l-value for compressed += operand
    %load/vec4 v0xc68957d40_0;
    %pushi/vec4 1, 0, 32;
    %add;
    %cast2;
    %store/vec4 v0xc68957d40_0, 0, 32;
    %jmp T_112.0;
T_112.1 ;
    %end;
    .scope S_0xc6913db00;
t_112 %join;
    %end;
    .thread T_112;
    .scope S_0xc6913db00;
T_113 ;
    %wait E_0xc69118ec0;
    %load/vec4 v0xc6895c0a0_0;
    %nor/r;
    %flag_set/vec4 8;
    %jmp/0xz  T_113.0, 8;
    %pushi/vec4 0, 0, 8;
    %assign/vec4 v0xc68957f20_0, 0;
    %jmp T_113.1;
T_113.0 ;
    %load/vec4 v0xc68957e80_0;
    %pad/u 10;
    %ix/vec4 4;
    %load/vec4a v0xc6895c000, 4;
    %assign/vec4 v0xc68957f20_0, 0;
T_113.1 ;
    %jmp T_113;
    .thread T_113;
    .scope S_0xc6913de00;
T_114 ;
    %fork t_115, S_0xc6913df80;
    %jmp t_114;
    .scope S_0xc6913df80;
t_115 ;
    %pushi/vec4 0, 0, 32;
    %store/vec4 v0xc6895c3c0_0, 0, 32;
T_114.0 ;
    %load/vec4 v0xc6895c3c0_0;
    %cmpi/s 256, 0, 32;
    %jmp/0xz T_114.1, 5;
    %load/vec4 v0xc6895c3c0_0;
    %parti/s 8, 0, 2;
    %pad/u 1;
    %pad/u 8;
    %ix/getv/s 4, v0xc6895c3c0_0;
    %store/vec4a v0xc6895c640, 4, 0;
    ; show_stmt_assign_vector: Get l-value for compressed += operand
    %load/vec4 v0xc6895c3c0_0;
    %pushi/vec4 1, 0, 32;
    %add;
    %cast2;
    %store/vec4 v0xc6895c3c0_0, 0, 32;
    %jmp T_114.0;
T_114.1 ;
    %end;
    .scope S_0xc6913de00;
t_114 %join;
    %end;
    .thread T_114;
    .scope S_0xc6913de00;
T_115 ;
    %wait E_0xc69118f00;
    %load/vec4 v0xc6895c6e0_0;
    %nor/r;
    %flag_set/vec4 8;
    %jmp/0xz  T_115.0, 8;
    %pushi/vec4 0, 0, 8;
    %assign/vec4 v0xc6895c5a0_0, 0;
    %jmp T_115.1;
T_115.0 ;
    %load/vec4 v0xc6895c500_0;
    %pad/u 10;
    %ix/vec4 4;
    %load/vec4a v0xc6895c640, 4;
    %assign/vec4 v0xc6895c5a0_0, 0;
T_115.1 ;
    %jmp T_115;
    .thread T_115;
    .scope S_0xc6913e100;
T_116 ;
    %fork t_117, S_0xc6913e280;
    %jmp t_116;
    .scope S_0xc6913e280;
t_117 ;
    %pushi/vec4 0, 0, 32;
    %store/vec4 v0xc6895ca00_0, 0, 32;
T_116.0 ;
    %load/vec4 v0xc6895ca00_0;
    %cmpi/s 256, 0, 32;
    %jmp/0xz T_116.1, 5;
    %load/vec4 v0xc6895ca00_0;
    %parti/s 8, 0, 2;
    %pad/u 1;
    %pad/u 8;
    %ix/getv/s 4, v0xc6895ca00_0;
    %store/vec4a v0xc6895cc80, 4, 0;
    ; show_stmt_assign_vector: Get l-value for compressed += operand
    %load/vec4 v0xc6895ca00_0;
    %pushi/vec4 1, 0, 32;
    %add;
    %cast2;
    %store/vec4 v0xc6895ca00_0, 0, 32;
    %jmp T_116.0;
T_116.1 ;
    %end;
    .scope S_0xc6913e100;
t_116 %join;
    %end;
    .thread T_116;
    .scope S_0xc6913e100;
T_117 ;
    %wait E_0xc69118f40;
    %load/vec4 v0xc6895cd20_0;
    %nor/r;
    %flag_set/vec4 8;
    %jmp/0xz  T_117.0, 8;
    %pushi/vec4 0, 0, 8;
    %assign/vec4 v0xc6895cbe0_0, 0;
    %jmp T_117.1;
T_117.0 ;
    %load/vec4 v0xc6895cb40_0;
    %pad/u 10;
    %ix/vec4 4;
    %load/vec4a v0xc6895cc80, 4;
    %assign/vec4 v0xc6895cbe0_0, 0;
T_117.1 ;
    %jmp T_117;
    .thread T_117;
    .scope S_0xc6913e400;
T_118 ;
    %fork t_119, S_0xc6913e580;
    %jmp t_118;
    .scope S_0xc6913e580;
t_119 ;
    %pushi/vec4 0, 0, 32;
    %store/vec4 v0xc6895d040_0, 0, 32;
T_118.0 ;
    %load/vec4 v0xc6895d040_0;
    %cmpi/s 256, 0, 32;
    %jmp/0xz T_118.1, 5;
    %load/vec4 v0xc6895d040_0;
    %parti/s 8, 0, 2;
    %pad/u 1;
    %pad/u 8;
    %ix/getv/s 4, v0xc6895d040_0;
    %store/vec4a v0xc6895d2c0, 4, 0;
    ; show_stmt_assign_vector: Get l-value for compressed += operand
    %load/vec4 v0xc6895d040_0;
    %pushi/vec4 1, 0, 32;
    %add;
    %cast2;
    %store/vec4 v0xc6895d040_0, 0, 32;
    %jmp T_118.0;
T_118.1 ;
    %end;
    .scope S_0xc6913e400;
t_118 %join;
    %end;
    .thread T_118;
    .scope S_0xc6913e400;
T_119 ;
    %wait E_0xc69118f80;
    %load/vec4 v0xc6895d360_0;
    %nor/r;
    %flag_set/vec4 8;
    %jmp/0xz  T_119.0, 8;
    %pushi/vec4 0, 0, 8;
    %assign/vec4 v0xc6895d220_0, 0;
    %jmp T_119.1;
T_119.0 ;
    %load/vec4 v0xc6895d180_0;
    %pad/u 10;
    %ix/vec4 4;
    %load/vec4a v0xc6895d2c0, 4;
    %assign/vec4 v0xc6895d220_0, 0;
T_119.1 ;
    %jmp T_119;
    .thread T_119;
    .scope S_0xc6913e700;
T_120 ;
    %fork t_121, S_0xc6913e880;
    %jmp t_120;
    .scope S_0xc6913e880;
t_121 ;
    %pushi/vec4 0, 0, 32;
    %store/vec4 v0xc6895d680_0, 0, 32;
T_120.0 ;
    %load/vec4 v0xc6895d680_0;
    %cmpi/s 256, 0, 32;
    %jmp/0xz T_120.1, 5;
    %load/vec4 v0xc6895d680_0;
    %parti/s 8, 0, 2;
    %pad/u 1;
    %pad/u 8;
    %ix/getv/s 4, v0xc6895d680_0;
    %store/vec4a v0xc6895d900, 4, 0;
    ; show_stmt_assign_vector: Get l-value for compressed += operand
    %load/vec4 v0xc6895d680_0;
    %pushi/vec4 1, 0, 32;
    %add;
    %cast2;
    %store/vec4 v0xc6895d680_0, 0, 32;
    %jmp T_120.0;
T_120.1 ;
    %end;
    .scope S_0xc6913e700;
t_120 %join;
    %end;
    .thread T_120;
    .scope S_0xc6913e700;
T_121 ;
    %wait E_0xc69118fc0;
    %load/vec4 v0xc6895d9a0_0;
    %nor/r;
    %flag_set/vec4 8;
    %jmp/0xz  T_121.0, 8;
    %pushi/vec4 0, 0, 8;
    %assign/vec4 v0xc6895d860_0, 0;
    %jmp T_121.1;
T_121.0 ;
    %load/vec4 v0xc6895d7c0_0;
    %pad/u 10;
    %ix/vec4 4;
    %load/vec4a v0xc6895d900, 4;
    %assign/vec4 v0xc6895d860_0, 0;
T_121.1 ;
    %jmp T_121;
    .thread T_121;
    .scope S_0xc6913ea00;
T_122 ;
    %wait E_0xc69119000;
    %load/vec4 v0xc68963ca0_0;
    %inv;
    %flag_set/vec4 8;
    %jmp/0xz  T_122.0, 8;
    %load/vec4 v0xc68963700_0;
    %assign/vec4 v0xc68966120_0, 0;
T_122.0 ;
    %load/vec4 v0xc68963c00_0;
    %flag_set/vec4 8;
    %jmp/0xz  T_122.2, 8;
    %pushi/vec4 15, 0, 4;
    %assign/vec4 v0xc68966120_0, 0;
T_122.2 ;
    %jmp T_122;
    .thread T_122;
    .scope S_0xc6913ea00;
T_123 ;
    %wait E_0xc69119000;
    %load/vec4 v0xc68965f40_0;
    %flag_set/vec4 8;
    %jmp/0xz  T_123.0, 8;
    %load/vec4 v0xc68966120_0;
    %parti/s 1, 0, 2;
    %assign/vec4 v0xc68965680_0, 0;
    %load/vec4 v0xc68966120_0;
    %parti/s 1, 1, 2;
    %inv;
    %assign/vec4 v0xc68965720_0, 0;
    %load/vec4 v0xc68966120_0;
    %parti/s 1, 2, 3;
    %assign/vec4 v0xc689657c0_0, 0;
    %load/vec4 v0xc68966120_0;
    %parti/s 1, 3, 3;
    %inv;
    %assign/vec4 v0xc68965860_0, 0;
T_123.0 ;
    %load/vec4 v0xc68965f40_0;
    %load/vec4 v0xc68963c00_0;
    %or;
    %inv;
    %flag_set/vec4 8;
    %jmp/0xz  T_123.2, 8;
    %load/vec4 v0xc68966120_0;
    %parti/s 1, 0, 2;
    %inv;
    %assign/vec4 v0xc68965680_0, 0;
    %load/vec4 v0xc68966120_0;
    %parti/s 1, 1, 2;
    %assign/vec4 v0xc68965720_0, 0;
    %load/vec4 v0xc68966120_0;
    %parti/s 1, 2, 3;
    %inv;
    %assign/vec4 v0xc689657c0_0, 0;
    %load/vec4 v0xc68966120_0;
    %parti/s 1, 3, 3;
    %assign/vec4 v0xc68965860_0, 0;
T_123.2 ;
    %jmp T_123;
    .thread T_123;
    .scope S_0xc6913ea00;
T_124 ;
    %wait E_0xc69119000;
    %load/vec4 v0xc68963c00_0;
    %flag_set/vec4 8;
    %jmp/0xz  T_124.0, 8;
    %pushi/vec4 10, 0, 4;
    %split/vec4 1;
    %assign/vec4 v0xc68965180_0, 0;
    %split/vec4 1;
    %assign/vec4 v0xc68965220_0, 0;
    %split/vec4 1;
    %assign/vec4 v0xc689652c0_0, 0;
    %assign/vec4 v0xc68965360_0, 0;
T_124.0 ;
    %load/vec4 v0xc68962800_0;
    %flag_set/vec4 8;
    %jmp/0xz  T_124.2, 8;
    %load/vec4 v0xc689626c0_0;
    %split/vec4 1;
    %assign/vec4 v0xc68965180_0, 0;
    %split/vec4 1;
    %assign/vec4 v0xc68965220_0, 0;
    %split/vec4 1;
    %assign/vec4 v0xc689652c0_0, 0;
    %assign/vec4 v0xc68965360_0, 0;
T_124.2 ;
    %load/vec4 v0xc689628a0_0;
    %flag_set/vec4 8;
    %jmp/0xz  T_124.4, 8;
    %load/vec4 v0xc689626c0_0;
    %inv;
    %split/vec4 1;
    %assign/vec4 v0xc68965180_0, 0;
    %split/vec4 1;
    %assign/vec4 v0xc68965220_0, 0;
    %split/vec4 1;
    %assign/vec4 v0xc689652c0_0, 0;
    %assign/vec4 v0xc68965360_0, 0;
T_124.4 ;
    %jmp T_124;
    .thread T_124;
    .scope S_0xc6913ea00;
T_125 ;
    %wait E_0xc69119000;
    %load/vec4 v0xc68963c00_0;
    %flag_set/vec4 8;
    %jmp/0xz  T_125.0, 8;
    %pushi/vec4 0, 0, 1;
    %assign/vec4 v0xc68964960_0, 0;
T_125.0 ;
    %load/vec4 v0xc689648c0_0;
    %flag_set/vec4 8;
    %jmp/0xz  T_125.2, 8;
    %pushi/vec4 1, 0, 1;
    %assign/vec4 v0xc68964960_0, 0;
T_125.2 ;
    %load/vec4 v0xc68963520_0;
    %flag_set/vec4 8;
    %jmp/0xz  T_125.4, 8;
    %load/vec4 v0xc68963340_0;
    %inv;
    %assign/vec4 v0xc68964960_0, 0;
T_125.4 ;
    %load/vec4 v0xc68963480_0;
    %flag_set/vec4 8;
    %jmp/0xz  T_125.6, 8;
    %load/vec4 v0xc68963340_0;
    %assign/vec4 v0xc68964960_0, 0;
T_125.6 ;
    %jmp T_125;
    .thread T_125;
    .scope S_0xc6913ea00;
T_126 ;
    %wait E_0xc69119000;
    %load/vec4 v0xc68962e40_0;
    %flag_set/vec4 8;
    %jmp/0xz  T_126.0, 8;
    %load/vec4 v0xc689633e0_0;
    %load/vec4 v0xc68962940_0;
    %concat/vec4; draw_concat_vec4
    %split/vec4 1;
    %assign/vec4 v0xc68963340_0, 0;
    %assign/vec4 v0xc689626c0_0, 0;
T_126.0 ;
    %load/vec4 v0xc68962bc0_0;
    %flag_set/vec4 8;
    %jmp/0xz  T_126.2, 8;
    %load/vec4 v0xc68962940_0;
    %assign/vec4 v0xc689626c0_0, 0;
T_126.2 ;
    %load/vec4 v0xc68962da0_0;
    %flag_set/vec4 8;
    %jmp/0xz  T_126.4, 8;
    %load/vec4 v0xc68962940_0;
    %load/vec4 v0xc689633e0_0;
    %concat/vec4; draw_concat_vec4
    %split/vec4 4;
    %assign/vec4 v0xc689626c0_0, 0;
    %assign/vec4 v0xc68963340_0, 0;
T_126.4 ;
    %load/vec4 v0xc68962a80_0;
    %flag_set/vec4 8;
    %jmp/0xz  T_126.6, 8;
    %load/vec4 v0xc689650e0_0;
    %assign/vec4 v0xc68963340_0, 0;
T_126.6 ;
    %load/vec4 v0xc68964640_0;
    %load/vec4 v0xc689646e0_0;
    %and;
    %flag_set/vec4 8;
    %jmp/0xz  T_126.8, 8;
    %pushi/vec4 1, 0, 1;
    %assign/vec4 v0xc68963340_0, 0;
T_126.8 ;
    %jmp T_126;
    .thread T_126;
    .scope S_0xc6913ea00;
T_127 ;
    %wait E_0xc69119000;
    %load/vec4 v0xc68965040_0;
    %flag_set/vec4 8;
    %jmp/0xz  T_127.0, 8;
    %load/vec4 v0xc68963340_0;
    %assign/vec4 v0xc689633e0_0, 0;
    %load/vec4 v0xc689626c0_0;
    %assign/vec4 v0xc689629e0_0, 0;
T_127.0 ;
    %jmp T_127;
    .thread T_127;
    .scope S_0xc6913ea00;
T_128 ;
    %wait E_0xc69119040;
    %pushi/vec4 0, 15, 4;
    %store/vec4 v0xc68963840_0, 0, 4;
    %load/vec4 v0xc68962620_0;
    %flag_set/vec4 8;
    %jmp/0xz  T_128.0, 8;
    %load/vec4 v0xc689629e0_0;
    %store/vec4 v0xc68963840_0, 0, 4;
T_128.0 ;
    %load/vec4 v0xc68962d00_0;
    %flag_set/vec4 8;
    %jmp/0xz  T_128.2, 8;
    %load/vec4 v0xc68962940_0;
    %store/vec4 v0xc68963840_0, 0, 4;
T_128.2 ;
    %load/vec4 v0xc689635c0_0;
    %flag_set/vec4 8;
    %jmp/0xz  T_128.4, 8;
    %pushi/vec4 7, 7, 3;
    %load/vec4 v0xc689633e0_0;
    %concat/vec4; draw_concat_vec4
    %store/vec4 v0xc68963840_0, 0, 4;
T_128.4 ;
    %load/vec4 v0xc689646e0_0;
    %flag_set/vec4 8;
    %jmp/0xz  T_128.6, 8;
    %load/vec4 v0xc689640a0_0;
    %load/vec4 v0xc68964320_0;
    %concat/vec4; draw_concat_vec4
    %load/vec4 v0xc68964140_0;
    %concat/vec4; draw_concat_vec4
    %load/vec4 v0xc68964000_0;
    %concat/vec4; draw_concat_vec4
    %store/vec4 v0xc68963840_0, 0, 4;
T_128.6 ;
    %jmp T_128;
    .thread T_128, $push;
    .scope S_0xc6913ea00;
T_129 ;
    %wait E_0xc69119000;
    %load/vec4 v0xc68965cc0_0;
    %flag_set/vec4 8;
    %jmp/0xz  T_129.0, 8;
    %pushi/vec4 1, 0, 1;
    %assign/vec4 v0xc68964be0_0, 0;
    %pushi/vec4 1, 0, 1;
    %assign/vec4 v0xc68964c80_0, 0;
    %pushi/vec4 1, 0, 1;
    %assign/vec4 v0xc68964d20_0, 0;
    %jmp T_129.1;
T_129.0 ;
    %load/vec4 v0xc68963de0_0;
    %flag_set/vec4 8;
    %jmp/0xz  T_129.2, 8;
    %load/vec4 v0xc68963f20_0;
    %assign/vec4 v0xc68964be0_0, 0;
    %load/vec4 v0xc68964280_0;
    %assign/vec4 v0xc68964c80_0, 0;
    %load/vec4 v0xc68964460_0;
    %assign/vec4 v0xc68964d20_0, 0;
T_129.2 ;
T_129.1 ;
    %jmp T_129;
    .thread T_129;
    .scope S_0xc6914cd80;
T_130 ;
    %fork t_123, S_0xc6914cf00;
    %jmp t_122;
    .scope S_0xc6914cf00;
t_123 ;
    %pushi/vec4 0, 0, 32;
    %store/vec4 v0xc68969180_0, 0, 32;
T_130.0 ;
    %load/vec4 v0xc68969180_0;
    %cmpi/s 256, 0, 32;
    %jmp/0xz T_130.1, 5;
    %load/vec4 v0xc68969180_0;
    %parti/s 8, 0, 2;
    %pad/u 1;
    %pad/u 8;
    %ix/getv/s 4, v0xc68969180_0;
    %store/vec4a v0xc68969400, 4, 0;
    ; show_stmt_assign_vector: Get l-value for compressed += operand
    %load/vec4 v0xc68969180_0;
    %pushi/vec4 1, 0, 32;
    %add;
    %cast2;
    %store/vec4 v0xc68969180_0, 0, 32;
    %jmp T_130.0;
T_130.1 ;
    %end;
    .scope S_0xc6914cd80;
t_122 %join;
    %end;
    .thread T_130;
    .scope S_0xc6914cd80;
T_131 ;
    %wait E_0xc69119080;
    %load/vec4 v0xc689694a0_0;
    %nor/r;
    %flag_set/vec4 8;
    %jmp/0xz  T_131.0, 8;
    %pushi/vec4 0, 0, 8;
    %assign/vec4 v0xc68969360_0, 0;
    %jmp T_131.1;
T_131.0 ;
    %load/vec4 v0xc689692c0_0;
    %pad/u 10;
    %ix/vec4 4;
    %load/vec4a v0xc68969400, 4;
    %assign/vec4 v0xc68969360_0, 0;
T_131.1 ;
    %jmp T_131;
    .thread T_131;
    .scope S_0xc6913f180;
T_132 ;
    %fork t_125, S_0xc6913f300;
    %jmp t_124;
    .scope S_0xc6913f300;
t_125 ;
    %pushi/vec4 0, 0, 32;
    %store/vec4 v0xc68966bc0_0, 0, 32;
T_132.0 ;
    %load/vec4 v0xc68966bc0_0;
    %cmpi/s 256, 0, 32;
    %jmp/0xz T_132.1, 5;
    %load/vec4 v0xc68966bc0_0;
    %parti/s 8, 0, 2;
    %pad/u 1;
    %pad/u 8;
    %ix/getv/s 4, v0xc68966bc0_0;
    %store/vec4a v0xc68966e40, 4, 0;
    ; show_stmt_assign_vector: Get l-value for compressed += operand
    %load/vec4 v0xc68966bc0_0;
    %pushi/vec4 1, 0, 32;
    %add;
    %cast2;
    %store/vec4 v0xc68966bc0_0, 0, 32;
    %jmp T_132.0;
T_132.1 ;
    %end;
    .scope S_0xc6913f180;
t_124 %join;
    %end;
    .thread T_132;
    .scope S_0xc6913f180;
T_133 ;
    %wait E_0xc69119080;
    %load/vec4 v0xc68966ee0_0;
    %nor/r;
    %flag_set/vec4 8;
    %jmp/0xz  T_133.0, 8;
    %pushi/vec4 0, 0, 8;
    %assign/vec4 v0xc68966da0_0, 0;
    %jmp T_133.1;
T_133.0 ;
    %load/vec4 v0xc68966d00_0;
    %pad/u 10;
    %ix/vec4 4;
    %load/vec4a v0xc68966e40, 4;
    %assign/vec4 v0xc68966da0_0, 0;
T_133.1 ;
    %jmp T_133;
    .thread T_133;
    .scope S_0xc6913ed00;
T_134 ;
    %fork t_127, S_0xc6913ee80;
    %jmp t_126;
    .scope S_0xc6913ee80;
t_127 ;
    %pushi/vec4 0, 0, 32;
    %store/vec4 v0xc68966580_0, 0, 32;
T_134.0 ;
    %load/vec4 v0xc68966580_0;
    %cmpi/s 256, 0, 32;
    %jmp/0xz T_134.1, 5;
    %load/vec4 v0xc68966580_0;
    %parti/s 8, 0, 2;
    %pad/u 1;
    %pad/u 8;
    %ix/getv/s 4, v0xc68966580_0;
    %store/vec4a v0xc68966800, 4, 0;
    ; show_stmt_assign_vector: Get l-value for compressed += operand
    %load/vec4 v0xc68966580_0;
    %pushi/vec4 1, 0, 32;
    %add;
    %cast2;
    %store/vec4 v0xc68966580_0, 0, 32;
    %jmp T_134.0;
T_134.1 ;
    %end;
    .scope S_0xc6913ed00;
t_126 %join;
    %end;
    .thread T_134;
    .scope S_0xc6913ed00;
T_135 ;
    %wait E_0xc69119080;
    %load/vec4 v0xc689668a0_0;
    %nor/r;
    %flag_set/vec4 8;
    %jmp/0xz  T_135.0, 8;
    %pushi/vec4 0, 0, 8;
    %assign/vec4 v0xc68966760_0, 0;
    %jmp T_135.1;
T_135.0 ;
    %load/vec4 v0xc689666c0_0;
    %pad/u 10;
    %ix/vec4 4;
    %load/vec4a v0xc68966800, 4;
    %assign/vec4 v0xc68966760_0, 0;
T_135.1 ;
    %jmp T_135;
    .thread T_135;
    .scope S_0xc6914c900;
T_136 ;
    %fork t_129, S_0xc6914ca80;
    %jmp t_128;
    .scope S_0xc6914ca80;
t_129 ;
    %pushi/vec4 0, 0, 32;
    %store/vec4 v0xc68968b40_0, 0, 32;
T_136.0 ;
    %load/vec4 v0xc68968b40_0;
    %cmpi/s 256, 0, 32;
    %jmp/0xz T_136.1, 5;
    %load/vec4 v0xc68968b40_0;
    %parti/s 8, 0, 2;
    %pad/u 1;
    %pad/u 8;
    %ix/getv/s 4, v0xc68968b40_0;
    %store/vec4a v0xc68968dc0, 4, 0;
    ; show_stmt_assign_vector: Get l-value for compressed += operand
    %load/vec4 v0xc68968b40_0;
    %pushi/vec4 1, 0, 32;
    %add;
    %cast2;
    %store/vec4 v0xc68968b40_0, 0, 32;
    %jmp T_136.0;
T_136.1 ;
    %end;
    .scope S_0xc6914c900;
t_128 %join;
    %end;
    .thread T_136;
    .scope S_0xc6914c900;
T_137 ;
    %wait E_0xc69119080;
    %load/vec4 v0xc68968e60_0;
    %nor/r;
    %flag_set/vec4 8;
    %jmp/0xz  T_137.0, 8;
    %pushi/vec4 0, 0, 8;
    %assign/vec4 v0xc68968d20_0, 0;
    %jmp T_137.1;
T_137.0 ;
    %load/vec4 v0xc68968c80_0;
    %pad/u 10;
    %ix/vec4 4;
    %load/vec4a v0xc68968dc0, 4;
    %assign/vec4 v0xc68968d20_0, 0;
T_137.1 ;
    %jmp T_137;
    .thread T_137;
    .scope S_0xc6913f600;
T_138 ;
    %fork t_131, S_0xc6913f780;
    %jmp t_130;
    .scope S_0xc6913f780;
t_131 ;
    %pushi/vec4 0, 0, 32;
    %store/vec4 v0xc68967200_0, 0, 32;
T_138.0 ;
    %load/vec4 v0xc68967200_0;
    %cmpi/s 256, 0, 32;
    %jmp/0xz T_138.1, 5;
    %load/vec4 v0xc68967200_0;
    %parti/s 8, 0, 2;
    %pad/u 1;
    %pad/u 8;
    %ix/getv/s 4, v0xc68967200_0;
    %store/vec4a v0xc68967480, 4, 0;
    ; show_stmt_assign_vector: Get l-value for compressed += operand
    %load/vec4 v0xc68967200_0;
    %pushi/vec4 1, 0, 32;
    %add;
    %cast2;
    %store/vec4 v0xc68967200_0, 0, 32;
    %jmp T_138.0;
T_138.1 ;
    %end;
    .scope S_0xc6913f600;
t_130 %join;
    %end;
    .thread T_138;
    .scope S_0xc6913f600;
T_139 ;
    %wait E_0xc69119080;
    %load/vec4 v0xc68967520_0;
    %nor/r;
    %flag_set/vec4 8;
    %jmp/0xz  T_139.0, 8;
    %pushi/vec4 0, 0, 8;
    %assign/vec4 v0xc689673e0_0, 0;
    %jmp T_139.1;
T_139.0 ;
    %load/vec4 v0xc68967340_0;
    %pad/u 10;
    %ix/vec4 4;
    %load/vec4a v0xc68967480, 4;
    %assign/vec4 v0xc689673e0_0, 0;
T_139.1 ;
    %jmp T_139;
    .thread T_139;
    .scope S_0xc6913fa80;
T_140 ;
    %fork t_133, S_0xc6913fc00;
    %jmp t_132;
    .scope S_0xc6913fc00;
t_133 ;
    %pushi/vec4 0, 0, 32;
    %store/vec4 v0xc68967840_0, 0, 32;
T_140.0 ;
    %load/vec4 v0xc68967840_0;
    %cmpi/s 256, 0, 32;
    %jmp/0xz T_140.1, 5;
    %load/vec4 v0xc68967840_0;
    %parti/s 8, 0, 2;
    %pad/u 1;
    %pad/u 8;
    %ix/getv/s 4, v0xc68967840_0;
    %store/vec4a v0xc68967ac0, 4, 0;
    ; show_stmt_assign_vector: Get l-value for compressed += operand
    %load/vec4 v0xc68967840_0;
    %pushi/vec4 1, 0, 32;
    %add;
    %cast2;
    %store/vec4 v0xc68967840_0, 0, 32;
    %jmp T_140.0;
T_140.1 ;
    %end;
    .scope S_0xc6913fa80;
t_132 %join;
    %end;
    .thread T_140;
    .scope S_0xc6913fa80;
T_141 ;
    %wait E_0xc69119080;
    %load/vec4 v0xc68967b60_0;
    %nor/r;
    %flag_set/vec4 8;
    %jmp/0xz  T_141.0, 8;
    %pushi/vec4 0, 0, 8;
    %assign/vec4 v0xc68967a20_0, 0;
    %jmp T_141.1;
T_141.0 ;
    %load/vec4 v0xc68967980_0;
    %pad/u 10;
    %ix/vec4 4;
    %load/vec4a v0xc68967ac0, 4;
    %assign/vec4 v0xc68967a20_0, 0;
T_141.1 ;
    %jmp T_141;
    .thread T_141;
    .scope S_0xc6914c000;
T_142 ;
    %fork t_135, S_0xc6914c180;
    %jmp t_134;
    .scope S_0xc6914c180;
t_135 ;
    %pushi/vec4 0, 0, 32;
    %store/vec4 v0xc68967e80_0, 0, 32;
T_142.0 ;
    %load/vec4 v0xc68967e80_0;
    %cmpi/s 256, 0, 32;
    %jmp/0xz T_142.1, 5;
    %load/vec4 v0xc68967e80_0;
    %parti/s 8, 0, 2;
    %pad/u 1;
    %pad/u 8;
    %ix/getv/s 4, v0xc68967e80_0;
    %store/vec4a v0xc68968140, 4, 0;
    ; show_stmt_assign_vector: Get l-value for compressed += operand
    %load/vec4 v0xc68967e80_0;
    %pushi/vec4 1, 0, 32;
    %add;
    %cast2;
    %store/vec4 v0xc68967e80_0, 0, 32;
    %jmp T_142.0;
T_142.1 ;
    %end;
    .scope S_0xc6914c000;
t_134 %join;
    %end;
    .thread T_142;
    .scope S_0xc6914c000;
T_143 ;
    %wait E_0xc69119080;
    %load/vec4 v0xc689681e0_0;
    %nor/r;
    %flag_set/vec4 8;
    %jmp/0xz  T_143.0, 8;
    %pushi/vec4 0, 0, 8;
    %assign/vec4 v0xc689680a0_0, 0;
    %jmp T_143.1;
T_143.0 ;
    %load/vec4 v0xc68968000_0;
    %pad/u 10;
    %ix/vec4 4;
    %load/vec4a v0xc68968140, 4;
    %assign/vec4 v0xc689680a0_0, 0;
T_143.1 ;
    %jmp T_143;
    .thread T_143;
    .scope S_0xc6914c480;
T_144 ;
    %fork t_137, S_0xc6914c600;
    %jmp t_136;
    .scope S_0xc6914c600;
t_137 ;
    %pushi/vec4 0, 0, 32;
    %store/vec4 v0xc68968500_0, 0, 32;
T_144.0 ;
    %load/vec4 v0xc68968500_0;
    %cmpi/s 256, 0, 32;
    %jmp/0xz T_144.1, 5;
    %load/vec4 v0xc68968500_0;
    %parti/s 8, 0, 2;
    %pad/u 1;
    %pad/u 8;
    %ix/getv/s 4, v0xc68968500_0;
    %store/vec4a v0xc68968780, 4, 0;
    ; show_stmt_assign_vector: Get l-value for compressed += operand
    %load/vec4 v0xc68968500_0;
    %pushi/vec4 1, 0, 32;
    %add;
    %cast2;
    %store/vec4 v0xc68968500_0, 0, 32;
    %jmp T_144.0;
T_144.1 ;
    %end;
    .scope S_0xc6914c480;
t_136 %join;
    %end;
    .thread T_144;
    .scope S_0xc6914c480;
T_145 ;
    %wait E_0xc69119080;
    %load/vec4 v0xc68968820_0;
    %nor/r;
    %flag_set/vec4 8;
    %jmp/0xz  T_145.0, 8;
    %pushi/vec4 0, 0, 8;
    %assign/vec4 v0xc689686e0_0, 0;
    %jmp T_145.1;
T_145.0 ;
    %load/vec4 v0xc68968640_0;
    %pad/u 10;
    %ix/vec4 4;
    %load/vec4a v0xc68968780, 4;
    %assign/vec4 v0xc689686e0_0, 0;
T_145.1 ;
    %jmp T_145;
    .thread T_145;
    .scope S_0xc6893d080;
T_146 ;
    %pushi/vec4 0, 0, 1;
    %store/vec4 v0xc6896ab20_0, 0, 1;
    %end;
    .thread T_146;
    .scope S_0xc6893d080;
T_147 ;
    %delay 5000, 0;
    %load/vec4 v0xc6896ab20_0;
    %inv;
    %store/vec4 v0xc6896ab20_0, 0, 1;
    %jmp T_147;
    .thread T_147;
    .scope S_0xc6893d080;
T_148 ;
    %pushi/vec4 0, 0, 1;
    %store/vec4 v0xc6896a9e0_0, 0, 1;
    %delay 50000, 0;
    %pushi/vec4 1, 0, 1;
    %store/vec4 v0xc6896a9e0_0, 0, 1;
    %end;
    .thread T_148;
    .scope S_0xc6893d080;
T_149 ;
    %vpi_func 65 10 "$value$plusargs" 32, "seed=%d", v0xc6896aa80_0 {0 0 0};
    %nor/r;
    %flag_set/vec4 8;
    %jmp/0xz  T_149.0, 8;
    %pushi/vec4 1, 0, 32;
    %store/vec4 v0xc6896aa80_0, 0, 32;
T_149.0 ;
    %vpi_func 65 11 "$urandom" 32, v0xc6896aa80_0 {0 0 0};
    %store/vec4 v0xc68969cc0_0, 0, 32;
    %end;
    .thread T_149;
    .scope S_0xc6893d080;
T_150 ;
    %pushi/vec4 0, 0, 1;
    %store/vec4 v0xc68969d60_0, 0, 1;
    %pushi/vec4 0, 0, 1;
    %store/vec4 v0xc6896a8a0_0, 0, 1;
    %pushi/vec4 0, 0, 1;
    %store/vec4 v0xc6896abc0_0, 0, 1;
    %pushi/vec4 1, 0, 1;
    %store/vec4 v0xc6896a940_0, 0, 1;
    %delay 100000, 0;
    %pushi/vec4 0, 0, 1;
    %store/vec4 v0xc6896a940_0, 0, 1;
    %pushi/vec4 200, 0, 32;
T_150.0 %dup/vec4;
    %pushi/vec4 0, 0, 32;
    %cmp/s;
    %jmp/1xz T_150.1, 5;
    %jmp/1 T_150.1, 4;
    %pushi/vec4 1, 0, 32;
    %sub;
    %wait E_0xc69119000;
    %vpi_func 65 26 "$urandom_range" 32, 32'sb00000000000000000000000000000000, 32'sb00000000000000000000000000000001 {0 0 0};
    %pad/u 1;
    %assign/vec4 v0xc68969d60_0, 0;
    %vpi_func 65 27 "$urandom_range" 32, 32'sb00000000000000000000000000000000, 32'sb00000000000000000000000000000001 {0 0 0};
    %pad/u 1;
    %assign/vec4 v0xc6896a8a0_0, 0;
    %vpi_func 65 28 "$urandom_range" 32, 32'sb00000000000000000000000000000000, 32'sb00000000000000000000000000000001 {0 0 0};
    %pad/u 1;
    %assign/vec4 v0xc6896abc0_0, 0;
    %jmp T_150.0;
T_150.1 ;
    %pop/vec4 1;
    %delay 200000, 0;
    %vpi_call/w 65 30 "$finish" {0 0 0};
    %end;
    .thread T_150;
    .scope S_0xc6893d080;
T_151 ;
    %wait E_0xc69119000;
    %load/vec4 v0xc6896a9e0_0;
    %flag_set/vec4 8;
    %jmp/0xz  T_151.0, 8;
    %vpi_call/w 65 75 "$display", "%t cy_1=%0d add_0=%0d acc_0=%0d cmrom=%0d cmram=%0d%0d%0d%0d", $time, v0xc6896a260_0, v0xc68969ea0_0, v0xc68969e00_0, v0xc6896a1c0_0, v0xc6896a120_0, v0xc6896a080_0, v0xc68969fe0_0, v0xc68969f40_0 {0 0 0};
T_151.0 ;
    %jmp T_151;
    .thread T_151;
# The file index is used to find the file name in the following table.
:file_names 75;
    "N/A";
    "<interactive>";
    "-";
    "ams/build/bind_alu__rn3_dout.sv";
    "ams/models/lut_block.sv";
    "ams/build/bind_alu__rn4_dout.sv";
    "ams/build/bind_alu_acb_ib.sv";
    "ams/build/bind_alu_acc.sv";
    "ams/build/bind_alu_acc_ada.sv";
    "ams/build/bind_alu_acc_adac.sv";
    "ams/build/bind_alu_acc_in.sv";
    "ams/build/bind_alu_acc_out.sv";
    "ams/build/bind_alu_adc_cy.sv";
    "ams/build/bind_alu_add_acc.sv";
    "ams/build/bind_alu_add_ib.sv";
    "ams/build/bind_alu_adsl.sv";
    "ams/build/bind_alu_adsr.sv";
    "ams/build/bind_alu_cy.sv";
    "ams/build/bind_alu_cy_ada.sv";
    "ams/build/bind_alu_cy_adac.sv";
    "ams/build/bind_alu_cy_ib.sv";
    "ams/build/bind_alu_dout.sv";
    "ams/build/bind_alu_n0345.sv";
    "ams/build/bind_alu_n0351.sv";
    "ams/build/bind_alu_n0354.sv";
    "ams/build/bind_alu_n0355.sv";
    "ams/build/bind_alu_n0357.sv";
    "ams/build/bind_alu_n0358.sv";
    "ams/build/bind_alu_n0359.sv";
    "ams/build/bind_alu_n0363.sv";
    "ams/build/bind_alu_n0364.sv";
    "ams/build/bind_alu_n0366.sv";
    "ams/build/bind_alu_n0370.sv";
    "ams/build/bind_alu_n0371.sv";
    "ams/build/bind_alu_n0377.sv";
    "ams/build/bind_alu_n0378.sv";
    "ams/build/bind_alu_n0403.sv";
    "ams/build/bind_alu_n0415.sv";
    "ams/build/bind_alu_n0477.sv";
    "ams/build/bind_alu_n0546.sv";
    "ams/build/bind_alu_n0550.sv";
    "ams/build/bind_alu_n0749.sv";
    "ams/build/bind_alu_n0750.sv";
    "ams/build/bind_alu_n0751.sv";
    "ams/build/bind_alu_n0803.sv";
    "ams/build/bind_alu_n0846.sv";
    "ams/build/bind_alu_n0848.sv";
    "ams/build/bind_alu_n0854.sv";
    "ams/build/bind_alu_n0870.sv";
    "ams/build/bind_alu_n0871.sv";
    "ams/build/bind_alu_n0872.sv";
    "ams/build/bind_alu_n0873.sv";
    "ams/build/bind_alu_n0875.sv";
    "ams/build/bind_alu_n0877.sv";
    "ams/build/bind_alu_n0878.sv";
    "ams/build/bind_alu_n0879.sv";
    "ams/build/bind_alu_n0887.sv";
    "ams/build/bind_alu_n0889.sv";
    "ams/build/bind_alu_n0891.sv";
    "ams/build/bind_alu_n0893.sv";
    "ams/build/bind_alu_n0911.sv";
    "ams/build/bind_alu_n0912.sv";
    "ams/build/bind_alu_n0913.sv";
    "ams/build/bind_alu_n0914.sv";
    "ams/build/bind_alu_tmp.sv";
    "ams/tb/tb_4004_ams.sv";
    "verilog_files/4004.v";
    "ams/build/bind_alu_acc_0.sv";
    "ams/build/bind_alu_add_0.sv";
    "ams/build/bind_alu_cmram0.sv";
    "ams/build/bind_alu_cmram1.sv";
    "ams/build/bind_alu_cmram2.sv";
    "ams/build/bind_alu_cmram3.sv";
    "ams/build/bind_alu_cmrom.sv";
    "ams/build/bind_alu_cy_1.sv";
